"id";"ActivityDay";"SedentaryMinutes";"LightlyActiveMinutes";"FairlyActiveMinutes";"VeryActiveMinutes";"SedentaryActiveDistance";"LightActiveDistance";"ModeratelyActiveDistance";"VeryActiveDistance"
1503960366;"2016-04-12 00:00:00";728;328;13;25;0;6;1;2
1503960366;"2016-04-13 00:00:00";776;217;19;21;0;5;1;2
1503960366;"2016-04-14 00:00:00";1218;181;11;30;0;4;0;2
1503960366;"2016-04-15 00:00:00";726;209;34;29;0;3;1;2
1503960366;"2016-04-16 00:00:00";773;221;10;36;0;5;0;3
1503960366;"2016-04-17 00:00:00";539;164;20;38;0;3;1;3
1503960366;"2016-04-18 00:00:00";1149;233;16;42;0;5;1;3
1503960366;"2016-04-19 00:00:00";775;264;31;50;0;5;1;4
1503960366;"2016-04-20 00:00:00";818;205;12;28;0;4;0;2
1503960366;"2016-04-21 00:00:00";838;211;8;19;0;5;0;1
1503960366;"2016-04-22 00:00:00";1217;130;27;66;0;2;1;5
1503960366;"2016-04-23 00:00:00";732;262;21;41;0;5;1;3
1503960366;"2016-04-24 00:00:00";709;238;5;39;0;3;0;3
1503960366;"2016-04-25 00:00:00";814;216;14;73;0;4;1;5
1503960366;"2016-04-26 00:00:00";833;279;23;31;0;6;1;2
1503960366;"2016-04-27 00:00:00";1108;243;11;78;0;5;0;6
1503960366;"2016-04-28 00:00:00";782;189;28;48;0;4;1;4
1503960366;"2016-04-29 00:00:00";815;243;12;16;0;6;1;1
1503960366;"2016-04-30 00:00:00";712;217;34;52;0;4;1;4
1503960366;"2016-05-01 00:00:00";730;246;35;33;0;3;2;2
1503960366;"2016-05-02 00:00:00";798;277;15;41;0;6;1;3
1503960366;"2016-05-03 00:00:00";816;254;24;50;0;5;1;4
1503960366;"2016-05-04 00:00:00";1179;203;22;36;0;4;1;2
1503960366;"2016-05-05 00:00:00";857;250;24;45;0;5;1;3
1503960366;"2016-05-06 00:00:00";754;289;6;24;0;6;0;2
1503960366;"2016-05-07 00:00:00";833;175;46;37;0;3;2;2
1503960366;"2016-05-08 00:00:00";574;203;8;44;0;3;0;4
1503960366;"2016-05-09 00:00:00";835;206;11;46;0;4;1;3
1503960366;"2016-05-10 00:00:00";746;214;31;46;0;3;1;3
1503960366;"2016-05-11 00:00:00";669;251;23;36;0;5;1;3
1503960366;"2016-05-12 00:00:00";1440;0;0;0;0;0;0;0
1624580081;"2016-04-12 00:00:00";1294;146;0;0;0;5;0;0
1624580081;"2016-04-13 00:00:00";1292;148;0;0;0;5;0;0
1624580081;"2016-04-14 00:00:00";1204;236;0;0;0;6;0;0
1624580081;"2016-04-15 00:00:00";1344;96;0;0;0;1;0;0
1624580081;"2016-04-16 00:00:00";1264;176;0;0;0;3;0;0
1624580081;"2016-04-17 00:00:00";1276;127;22;15;0;1;2;1
1624580081;"2016-04-18 00:00:00";1214;202;7;17;0;5;1;2
1624580081;"2016-04-19 00:00:00";1299;141;0;0;0;2;0;0
1624580081;"2016-04-20 00:00:00";1289;151;0;0;0;3;0;0
1624580081;"2016-04-21 00:00:00";1254;186;0;0;0;4;0;0
1624580081;"2016-04-22 00:00:00";1241;199;0;0;0;3;0;0
1624580081;"2016-04-23 00:00:00";1213;227;0;0;0;6;0;0
1624580081;"2016-04-24 00:00:00";1221;185;18;16;0;2;1;1
1624580081;"2016-04-25 00:00:00";1238;202;0;0;0;4;0;0
1624580081;"2016-04-26 00:00:00";1300;140;0;0;0;2;0;0
1624580081;"2016-04-27 00:00:00";1233;154;36;17;0;2;2;1
1624580081;"2016-04-28 00:00:00";1320;115;5;0;0;2;0;0
1624580081;"2016-04-29 00:00:00";1290;150;0;0;0;2;0;0
1624580081;"2016-04-30 00:00:00";1182;224;23;11;0;2;1;1
1624580081;"2016-05-01 00:00:00";1020;171;63;186;0;2;4;22
1624580081;"2016-05-02 00:00:00";1261;166;6;7;0;3;1;1
1624580081;"2016-05-03 00:00:00";1344;96;0;0;0;1;0;0
1624580081;"2016-05-04 00:00:00";1322;118;0;0;0;1;0;0
1624580081;"2016-05-05 00:00:00";1323;117;0;0;0;2;0;0
1624580081;"2016-05-06 00:00:00";1338;102;0;0;0;1;0;0
1624580081;"2016-05-07 00:00:00";1258;182;0;0;0;1;0;0
1624580081;"2016-05-08 00:00:00";1288;152;0;0;0;2;0;0
1624580081;"2016-05-09 00:00:00";1349;91;0;0;0;1;0;0
1624580081;"2016-05-10 00:00:00";1301;139;0;0;0;2;0;0
1624580081;"2016-05-11 00:00:00";1328;112;0;0;0;2;0;0
1624580081;"2016-05-12 00:00:00";890;107;0;0;0;2;0;0
1644430081;"2016-04-12 00:00:00";1131;256;51;2;0;5;2;0
1644430081;"2016-04-13 00:00:00";1259;135;16;30;0;3;1;2
1644430081;"2016-04-14 00:00:00";1125;252;58;5;0;5;3;0
1644430081;"2016-04-15 00:00:00";1263;170;4;3;0;3;0;0
1644430081;"2016-04-16 00:00:00";1135;212;42;51;0;5;2;4
1644430081;"2016-04-17 00:00:00";1212;186;13;29;0;4;1;2
1644430081;"2016-04-18 00:00:00";1271;121;33;15;0;2;2;1
1644430081;"2016-04-19 00:00:00";1099;278;58;5;0;5;3;0
1644430081;"2016-04-20 00:00:00";1315;125;0;0;0;2;0;0
1644430081;"2016-04-21 00:00:00";1402;38;0;0;0;1;0;0
1644430081;"2016-04-22 00:00:00";1354;86;0;0;0;3;0;0
1644430081;"2016-04-23 00:00:00";1265;160;15;0;0;4;1;0
1644430081;"2016-04-24 00:00:00";1351;89;0;0;0;2;0;0
1644430081;"2016-04-25 00:00:00";1337;94;1;8;0;2;0;1
1644430081;"2016-04-26 00:00:00";1165;223;41;11;0;5;2;1
1644430081;"2016-04-27 00:00:00";1322;118;0;0;0;2;0;0
1644430081;"2016-04-28 00:00:00";1157;227;53;3;0;4;2;0
1644430081;"2016-04-29 00:00:00";1193;120;0;0;0;2;0;0
1644430081;"2016-04-30 00:00:00";816;402;71;9;0;9;3;1
1644430081;"2016-05-01 00:00:00";908;146;24;3;0;3;1;0
1644430081;"2016-05-02 00:00:00";682;148;7;1;0;2;0;0
1644430081;"2016-05-03 00:00:00";1115;221;94;10;0;5;4;1
1644430081;"2016-05-04 00:00:00";1388;52;0;0;0;2;0;0
1644430081;"2016-05-05 00:00:00";1341;81;12;6;0;2;1;1
1644430081;"2016-05-06 00:00:00";1054;369;6;11;0;6;0;1
1644430081;"2016-05-07 00:00:00";1139;243;17;41;0;6;1;3
1644430081;"2016-05-08 00:00:00";991;295;0;0;0;5;0;0
1644430081;"2016-05-09 00:00:00";1099;303;6;32;0;2;0;2
1644430081;"2016-05-10 00:00:00";1254;155;19;12;0;5;1;1
1644430081;"2016-05-11 00:00:00";713;49;0;0;0;1;0;0
1844505072;"2016-04-12 00:00:00";1101;339;0;0;0;4;0;0
1844505072;"2016-04-13 00:00:00";1192;248;0;0;0;3;0;0
1844505072;"2016-04-14 00:00:00";843;373;0;0;0;5;0;0
1844505072;"2016-04-15 00:00:00";527;176;0;0;0;3;0;0
1844505072;"2016-04-16 00:00:00";1293;147;0;0;0;2;0;0
1844505072;"2016-04-17 00:00:00";1231;199;8;2;0;3;0;0
1844505072;"2016-04-18 00:00:00";1211;217;12;0;0;3;0;0
1844505072;"2016-04-19 00:00:00";1430;10;0;0;0;0;0;0
1844505072;"2016-04-20 00:00:00";1439;1;0;0;0;0;0;0
1844505072;"2016-04-21 00:00:00";1117;308;13;2;0;5;1;0
1844505072;"2016-04-22 00:00:00";1220;220;0;0;0;4;0;0
1844505072;"2016-04-23 00:00:00";1301;139;0;0;0;2;0;0
1844505072;"2016-04-24 00:00:00";1440;0;0;0;0;0;0;0
1844505072;"2016-04-25 00:00:00";1440;0;0;0;0;0;0;0
1844505072;"2016-04-26 00:00:00";1440;0;0;0;0;0;0;0
1844505072;"2016-04-27 00:00:00";1439;1;0;0;0;0;0;0
1844505072;"2016-04-28 00:00:00";1138;302;0;0;0;5;0;0
1844505072;"2016-04-29 00:00:00";1082;247;0;0;0;3;0;0
1844505072;"2016-04-30 00:00:00";218;184;0;0;0;3;0;0
1844505072;"2016-05-01 00:00:00";585;75;7;0;0;1;0;0
1844505072;"2016-05-02 00:00:00";1440;0;0;0;0;0;0;0
1844505072;"2016-05-03 00:00:00";1256;184;0;0;0;3;0;0
1844505072;"2016-05-04 00:00:00";1353;87;0;0;0;1;0;0
1844505072;"2016-05-05 00:00:00";1320;120;0;0;0;1;0;0
1844505072;"2016-05-06 00:00:00";1438;2;0;0;0;0;0;0
1844505072;"2016-05-07 00:00:00";1440;0;0;0;0;0;0;0
1844505072;"2016-05-08 00:00:00";1440;0;0;0;0;0;0;0
1844505072;"2016-05-09 00:00:00";1440;0;0;0;0;0;0;0
1844505072;"2016-05-10 00:00:00";1440;0;0;0;0;0;0;0
1844505072;"2016-05-11 00:00:00";1440;0;0;0;0;0;0;0
1844505072;"2016-05-12 00:00:00";711;0;0;0;0;0;0;0
1927972279;"2016-04-12 00:00:00";734;55;0;0;0;0;0;0
1927972279;"2016-04-13 00:00:00";986;32;0;0;0;0;0;0
1927972279;"2016-04-14 00:00:00";1292;88;9;0;0;1;0;0
1927972279;"2016-04-15 00:00:00";941;51;0;0;0;1;0;0
1927972279;"2016-04-16 00:00:00";1440;0;0;0;0;0;0;0
1927972279;"2016-04-17 00:00:00";1440;0;0;0;0;0;0;0
1927972279;"2016-04-18 00:00:00";1423;17;0;0;0;0;0;0
1927972279;"2016-04-19 00:00:00";1440;0;0;0;0;0;0;0
1927972279;"2016-04-20 00:00:00";1440;0;0;0;0;0;0;0
1927972279;"2016-04-21 00:00:00";1440;0;0;0;0;0;0;0
1927972279;"2016-04-22 00:00:00";1430;10;0;0;0;0;0;0
1927972279;"2016-04-23 00:00:00";1295;145;0;0;0;2;0;0
1927972279;"2016-04-24 00:00:00";1358;75;6;1;0;1;0;0
1927972279;"2016-04-25 00:00:00";1303;12;0;0;0;0;0;0
1927972279;"2016-04-26 00:00:00";1058;192;0;0;0;3;0;0
1927972279;"2016-04-27 00:00:00";1440;0;0;0;0;0;0;0
1927972279;"2016-04-28 00:00:00";1167;95;0;0;0;1;0;0
1927972279;"2016-04-29 00:00:00";1440;0;0;0;0;0;0;0
1927972279;"2016-04-30 00:00:00";1440;0;0;0;0;0;0;0
1927972279;"2016-05-01 00:00:00";1355;70;1;14;0;1;0;1
1927972279;"2016-05-02 00:00:00";1322;94;8;16;0;1;0;1
1927972279;"2016-05-03 00:00:00";1413;17;0;10;0;0;0;1
1927972279;"2016-05-04 00:00:00";1353;87;0;0;0;1;0;0
1927972279;"2016-05-05 00:00:00";1440;0;0;0;0;0;0;0
1927972279;"2016-05-06 00:00:00";1332;108;0;0;0;1;0;0
1927972279;"2016-05-07 00:00:00";1392;48;0;0;0;1;0;0
1927972279;"2016-05-08 00:00:00";1440;0;0;0;0;0;0;0
1927972279;"2016-05-09 00:00:00";1440;0;0;0;0;0;0;0
1927972279;"2016-05-10 00:00:00";1440;0;0;0;0;0;0;0
1927972279;"2016-05-11 00:00:00";1440;0;0;0;0;0;0;0
1927972279;"2016-05-12 00:00:00";966;0;0;0;0;0;0;0
2022484408;"2016-04-12 00:00:00";1157;227;14;42;0;4;1;3
2022484408;"2016-04-13 00:00:00";1100;292;5;43;0;5;0;3
2022484408;"2016-04-14 00:00:00";1148;257;3;32;0;5;0;2
2022484408;"2016-04-15 00:00:00";1122;282;9;27;0;6;0;2
2022484408;"2016-04-16 00:00:00";1237;151;11;41;0;3;1;3
2022484408;"2016-04-17 00:00:00";1052;331;29;28;0;7;1;4
2022484408;"2016-04-18 00:00:00";1078;311;3;48;0;6;0;4
2022484408;"2016-04-19 00:00:00";1152;250;7;31;0;5;0;3
2022484408;"2016-04-20 00:00:00";1053;276;63;48;0;5;2;3
2022484408;"2016-04-21 00:00:00";1028;255;53;104;0;4;1;3
2022484408;"2016-04-22 00:00:00";1105;273;10;52;0;4;0;4
2022484408;"2016-04-23 00:00:00";1191;249;0;0;0;4;0;0
2022484408;"2016-04-24 00:00:00";1161;216;26;37;0;5;1;5
2022484408;"2016-04-25 00:00:00";1171;217;8;44;0;4;0;3
2022484408;"2016-04-26 00:00:00";1086;275;24;55;0;5;1;1
2022484408;"2016-04-27 00:00:00";1119;282;20;19;0;5;1;1
2022484408;"2016-04-28 00:00:00";1123;291;20;6;0;5;1;0
2022484408;"2016-04-29 00:00:00";1098;281;40;21;0;6;1;0
2022484408;"2016-04-30 00:00:00";1043;361;23;13;0;11;1;1
2022484408;"2016-05-01 00:00:00";1142;245;28;25;0;5;1;2
2022484408;"2016-05-02 00:00:00";1119;277;8;36;0;4;0;3
2022484408;"2016-05-03 00:00:00";1104;250;14;72;0;4;0;4
2022484408;"2016-05-04 00:00:00";1105;272;27;36;0;5;1;3
2022484408;"2016-05-05 00:00:00";1112;253;20;55;0;5;1;3
2022484408;"2016-05-06 00:00:00";1104;295;17;24;0;5;1;2
2022484408;"2016-05-07 00:00:00";1269;149;2;20;0;3;0;2
2022484408;"2016-05-08 00:00:00";1305;135;0;0;0;2;0;0
2022484408;"2016-05-09 00:00:00";1061;297;47;35;0;6;2;2
2022484408;"2016-05-10 00:00:00";1084;271;28;57;0;6;1;2
2022484408;"2016-05-11 00:00:00";1133;224;25;58;0;4;1;4
2022484408;"2016-05-12 00:00:00";728;236;16;16;0;4;1;1
2026352035;"2016-04-12 00:00:00";706;181;8;3;0;2;0;0
2026352035;"2016-04-13 00:00:00";663;238;0;0;0;3;0;0
2026352035;"2016-04-14 00:00:00";653;197;0;0;0;2;0;0
2026352035;"2016-04-15 00:00:00";687;188;0;0;0;2;0;0
2026352035;"2016-04-16 00:00:00";728;150;0;0;0;2;0;0
2026352035;"2016-04-17 00:00:00";1053;60;0;0;0;1;0;0
2026352035;"2016-04-18 00:00:00";1062;182;0;0;0;2;0;0
2026352035;"2016-04-19 00:00:00";785;141;0;0;0;2;0;0
2026352035;"2016-04-20 00:00:00";623;327;0;0;0;4;0;0
2026352035;"2016-04-21 00:00:00";749;153;0;0;0;2;0;0
2026352035;"2016-04-22 00:00:00";712;162;0;0;0;2;0;0
2026352035;"2016-04-23 00:00:00";458;432;0;0;0;8;0;0
2026352035;"2016-04-24 00:00:00";704;164;0;0;0;2;0;0
2026352035;"2016-04-25 00:00:00";821;260;0;0;0;4;0;0
2026352035;"2016-04-26 00:00:00";1018;288;0;0;0;4;0;0
2026352035;"2016-04-27 00:00:00";586;286;0;0;0;4;0;0
2026352035;"2016-04-28 00:00:00";626;331;0;0;0;4;0;0
2026352035;"2016-04-29 00:00:00";492;352;0;0;0;5;0;0
2026352035;"2016-04-30 00:00:00";594;233;0;0;0;3;0;0
2026352035;"2016-05-01 00:00:00";716;191;0;0;0;2;0;0
2026352035;"2016-05-02 00:00:00";716;355;0;0;0;4;0;0
2026352035;"2016-05-03 00:00:00";981;304;0;0;0;4;0;0
2026352035;"2016-05-04 00:00:00";530;345;0;0;0;4;0;0
2026352035;"2016-05-05 00:00:00";479;475;0;0;0;8;0;0
2026352035;"2016-05-06 00:00:00";511;383;0;0;0;5;0;0
2026352035;"2016-05-07 00:00:00";665;229;0;0;0;3;0;0
2026352035;"2016-05-08 00:00:00";610;258;0;0;0;3;0;0
2026352035;"2016-05-09 00:00:00";543;401;0;0;0;7;0;0
2026352035;"2016-05-10 00:00:00";1002;17;0;0;0;0;0;0
2026352035;"2016-05-11 00:00:00";569;330;0;0;0;5;0;0
2026352035;"2016-05-12 00:00:00";330;343;0;0;0;6;0;0
2147483647;"2016-04-12 00:00:00";1112;306;9;13;0;6;0;1
2147483647;"2016-04-13 00:00:00";1105;335;0;0;0;5;0;0
2147483647;"2016-04-14 00:00:00";1249;191;0;0;0;3;0;0
2147483647;"2016-04-15 00:00:00";1195;245;0;0;0;4;0;0
2147483647;"2016-04-16 00:00:00";1245;195;0;0;0;3;0;0
2147483647;"2016-04-17 00:00:00";1191;249;0;0;0;4;0;0
2147483647;"2016-04-18 00:00:00";1173;260;7;0;0;4;0;0
2147483647;"2016-04-19 00:00:00";1201;228;11;0;0;4;0;0
2147483647;"2016-04-20 00:00:00";1146;283;11;0;0;4;0;0
2147483647;"2016-04-21 00:00:00";1302;127;10;1;0;2;0;0
2147483647;"2016-04-22 00:00:00";1174;266;0;0;0;4;0;0
2147483647;"2016-04-23 00:00:00";1129;242;0;0;0;3;0;0
2147483647;"2016-04-24 00:00:00";1236;204;0;0;0;3;0;0
2147483647;"2016-04-25 00:00:00";1280;152;5;3;0;2;0;0
2147483647;"2016-04-26 00:00:00";1293;147;0;0;0;2;0;0
2147483647;"2016-04-27 00:00:00";1358;82;0;0;0;1;0;0
2147483647;"2016-04-28 00:00:00";1364;76;0;0;0;1;0;0
2147483647;"2016-04-29 00:00:00";1395;45;0;0;0;1;0;0
2147483647;"2016-04-30 00:00:00";1206;234;0;0;0;3;0;0
2147483647;"2016-05-01 00:00:00";1400;40;0;0;0;1;0;0
2147483647;"2016-05-02 00:00:00";1306;123;6;5;0;2;0;0
2147483647;"2016-05-03 00:00:00";1204;206;10;20;0;3;0;1
2147483647;"2016-05-04 00:00:00";1388;52;0;0;0;1;0;0
2147483647;"2016-05-05 00:00:00";1206;223;11;0;0;3;0;0
2147483647;"2016-05-06 00:00:00";1236;204;0;0;0;3;0;0
2147483647;"2016-05-07 00:00:00";1121;319;0;0;0;5;0;0
2147483647;"2016-05-08 00:00:00";1193;247;0;0;0;3;0;0
2147483647;"2016-05-09 00:00:00";1295;145;0;0;0;2;0;0
2147483647;"2016-05-10 00:00:00";1150;290;0;0;0;4;0;0
2147483647;"2016-05-11 00:00:00";1140;300;0;0;0;4;0;0
2147483647;"2016-05-12 00:00:00";830;128;0;0;0;2;0;0
2147483647;"2016-04-12 00:00:00";964;320;13;28;0;4;1;2
2147483647;"2016-04-13 00:00:00";676;195;32;19;0;3;2;2
2147483647;"2016-04-14 00:00:00";705;206;48;1;0;4;3;0
2147483647;"2016-04-15 00:00:00";720;284;24;1;0;5;1;0
2147483647;"2016-04-16 00:00:00";968;268;72;66;0;6;4;5
2147483647;"2016-04-17 00:00:00";508;249;7;1;0;3;0;0
2147483647;"2016-04-18 00:00:00";678;206;16;11;0;4;1;1
2147483647;"2016-04-19 00:00:00";648;382;7;0;0;4;0;0
2147483647;"2016-04-20 00:00:00";1011;269;43;11;0;5;2;1
2147483647;"2016-04-21 00:00:00";761;208;26;23;0;3;2;2
2147483647;"2016-04-22 00:00:00";781;206;27;9;0;3;2;1
2147483647;"2016-04-23 00:00:00";591;360;35;32;0;7;1;3
2147483647;"2016-04-24 00:00:00";584;360;0;0;0;6;0;0
2147483647;"2016-04-25 00:00:00";653;277;11;15;0;5;1;1
2147483647;"2016-04-26 00:00:00";732;227;0;0;0;4;0;0
2147483647;"2016-04-27 00:00:00";623;295;9;26;0;5;0;2
2147483647;"2016-04-28 00:00:00";764;229;0;0;0;4;0;0
2147483647;"2016-04-29 00:00:00";2;4;0;0;0;0;0;0
2147483647;"2016-04-12 00:00:00";1061;356;21;2;0;5;1;0
2147483647;"2016-04-13 00:00:00";1028;404;8;0;0;5;0;0
2147483647;"2016-04-14 00:00:00";1109;331;0;0;0;5;0;0
2147483647;"2016-04-15 00:00:00";992;448;0;0;0;6;0;0
2147483647;"2016-04-16 00:00:00";1087;305;1;47;0;4;0;3
2147483647;"2016-04-17 00:00:00";1272;160;8;0;0;1;0;0
2147483647;"2016-04-18 00:00:00";1122;311;6;1;0;5;0;0
2147483647;"2016-04-19 00:00:00";1051;389;0;0;0;5;0;0
2147483647;"2016-04-20 00:00:00";1035;378;5;22;0;5;0;2
2147483647;"2016-04-21 00:00:00";1057;371;10;2;0;5;0;0
2147483647;"2016-04-22 00:00:00";1028;366;0;46;0;4;0;0
2147483647;"2016-04-23 00:00:00";1077;330;5;28;0;4;0;2
2147483647;"2016-04-24 00:00:00";1203;190;1;46;0;2;0;3
2147483647;"2016-04-25 00:00:00";1081;359;0;0;0;5;0;0
2147483647;"2016-04-26 00:00:00";1124;309;5;2;0;5;0;0
2147483647;"2016-04-27 00:00:00";1197;197;0;46;0;2;0;0
2147483647;"2016-04-28 00:00:00";1192;213;7;28;0;3;0;2
2147483647;"2016-04-29 00:00:00";1191;206;23;20;0;2;1;1
2147483647;"2016-04-30 00:00:00";1167;248;20;5;0;4;1;0
2147483647;"2016-05-01 00:00:00";1219;196;18;7;0;3;1;0
2147483647;"2016-05-02 00:00:00";1099;334;7;0;0;5;0;0
2147483647;"2016-05-03 00:00:00";1070;363;6;1;0;5;0;0
2147483647;"2016-05-04 00:00:00";1020;420;0;0;0;6;0;0
2147483647;"2016-05-05 00:00:00";1093;311;23;13;0;4;1;1
2147483647;"2016-05-06 00:00:00";1065;370;5;0;0;5;0;0
2147483647;"2016-05-07 00:00:00";1302;52;11;75;0;1;1;2
2147483647;"2016-05-08 00:00:00";1068;326;0;46;0;3;0;3
2147483647;"2016-05-09 00:00:00";1095;345;0;0;0;5;0;0
2147483647;"2016-05-10 00:00:00";1067;373;0;0;0;6;0;0
2147483647;"2016-05-11 00:00:00";1121;319;0;0;0;4;0;0
2147483647;"2016-05-12 00:00:00";720;268;0;0;0;5;0;0
2147483647;"2016-04-12 00:00:00";1160;280;0;0;0;3;0;0
2147483647;"2016-04-13 00:00:00";1045;371;8;16;0;5;0;1
2147483647;"2016-04-14 00:00:00";1039;370;25;6;0;5;1;0
2147483647;"2016-04-15 00:00:00";1105;335;0;0;0;5;0;0
2147483647;"2016-04-16 00:00:00";1084;356;0;0;0;5;0;0
2147483647;"2016-04-17 00:00:00";1105;322;2;11;0;4;0;1
2147483647;"2016-04-18 00:00:00";1070;343;7;20;0;3;0;1
2147483647;"2016-04-19 00:00:00";1064;376;0;0;0;5;0;0
2147483647;"2016-04-20 00:00:00";1148;274;3;15;0;2;0;1
2147483647;"2016-04-21 00:00:00";1037;376;9;18;0;5;0;1
2147483647;"2016-04-22 00:00:00";1234;206;0;0;0;3;0;0
2147483647;"2016-04-23 00:00:00";1115;303;2;20;0;4;0;1
2147483647;"2016-04-24 00:00:00";1127;292;7;14;0;3;0;1
2147483647;"2016-04-25 00:00:00";1024;416;0;0;0;4;0;0
2147483647;"2016-04-26 00:00:00";1083;333;2;22;0;4;0;2
2147483647;"2016-04-27 00:00:00";1057;346;13;24;0;3;1;2
2147483647;"2016-04-28 00:00:00";1055;385;0;0;0;4;0;0
2147483647;"2016-04-29 00:00:00";1038;402;0;0;0;6;0;0
2147483647;"2016-04-30 00:00:00";1119;300;4;17;0;2;0;1
2147483647;"2016-05-01 00:00:00";842;172;0;0;0;2;0;0
2147483647;"2016-04-12 00:00:00";777;131;19;44;0;2;1;3
2147483647;"2016-04-13 00:00:00";754;153;46;31;0;3;2;2
2147483647;"2016-04-14 00:00:00";801;214;23;5;0;4;1;0
2147483647;"2016-04-15 00:00:00";644;183;42;15;0;3;2;1
2147483647;"2016-04-16 00:00:00";663;153;83;31;0;3;4;2
2147483647;"2016-04-17 00:00:00";600;205;58;11;0;4;2;1
2147483647;"2016-04-18 00:00:00";605;214;95;4;0;4;4;0
2147483647;"2016-04-19 00:00:00";738;221;67;19;0;4;2;2
2147483647;"2016-04-20 00:00:00";845;164;98;2;0;3;4;0
2147483647;"2016-04-21 00:00:00";712;242;0;0;0;4;0;0
2147483647;"2016-04-22 00:00:00";731;188;12;33;0;3;1;2
2147483647;"2016-04-23 00:00:00";724;252;92;0;0;4;4;0
2147483647;"2016-04-24 00:00:00";660;129;95;30;0;2;5;3
2147483647;"2016-04-25 00:00:00";781;133;9;50;0;2;0;6
2147483647;"2016-04-26 00:00:00";797;170;95;7;0;3;4;0
2147483647;"2016-04-27 00:00:00";714;176;10;0;0;5;0;0
2147483647;"2016-04-28 00:00:00";804;190;8;15;0;3;0;1
2147483647;"2016-04-29 00:00:00";744;150;32;36;0;3;1;4
2147483647;"2016-04-30 00:00:00";687;194;52;43;0;3;2;4
2147483647;"2016-05-01 00:00:00";691;124;40;41;0;2;2;3
2147483647;"2016-05-02 00:00:00";713;176;143;24;0;3;6;2
2147483647;"2016-05-03 00:00:00";594;258;41;47;0;5;2;3
2147483647;"2016-05-04 00:00:00";852;142;96;14;0;3;5;2
2147483647;"2016-05-05 00:00:00";680;178;88;14;0;3;4;2
2147483647;"2016-05-06 00:00:00";676;168;55;29;0;3;3;3
2147483647;"2016-05-07 00:00:00";703;208;86;0;0;4;4;0
2147483647;"2016-05-08 00:00:00";688;171;116;9;0;3;5;1
2147483647;"2016-05-09 00:00:00";1159;151;122;8;0;4;6;1
2147483647;"2016-05-10 00:00:00";676;196;115;1;0;3;5;0
2147483647;"2016-05-11 00:00:00";13;9;0;4;0;0;0;0
2147483647;"2016-04-12 00:00:00";712;331;15;4;0;6;0;0
2147483647;"2016-04-13 00:00:00";1440;0;0;0;0;0;0;0
2147483647;"2016-04-14 00:00:00";1437;3;0;0;0;0;0;0
2147483647;"2016-04-15 00:00:00";1299;87;18;36;0;1;0;0
2147483647;"2016-04-16 00:00:00";1222;55;21;65;0;1;0;0
2147483647;"2016-04-17 00:00:00";1438;2;0;0;0;0;0;0
2147483647;"2016-04-18 00:00:00";1438;2;0;0;0;0;0;0
2147483647;"2016-04-19 00:00:00";1440;0;0;0;0;0;0;0
2147483647;"2016-04-20 00:00:00";1440;0;0;0;0;0;0;0
2147483647;"2016-04-21 00:00:00";1440;0;0;0;0;0;0;0
2147483647;"2016-04-22 00:00:00";1440;0;0;0;0;0;0;0
2147483647;"2016-04-23 00:00:00";1440;0;0;0;0;0;0;0
2147483647;"2016-04-24 00:00:00";1440;0;0;0;0;0;0;0
2147483647;"2016-04-25 00:00:00";1440;0;0;0;0;0;0;0
2147483647;"2016-04-26 00:00:00";1440;0;0;0;0;0;0;0
2147483647;"2016-04-27 00:00:00";1440;0;0;0;0;0;0;0
2147483647;"2016-04-28 00:00:00";1440;0;0;0;0;0;0;0
2147483647;"2016-04-29 00:00:00";1440;0;0;0;0;0;0;0
2147483647;"2016-04-30 00:00:00";1440;0;0;0;0;0;0;0
2147483647;"2016-05-01 00:00:00";1440;0;0;0;0;0;0;0
2147483647;"2016-05-02 00:00:00";1350;31;11;0;0;0;0;0
2147483647;"2016-05-03 00:00:00";950;174;0;0;0;3;0;0
2147483647;"2016-05-04 00:00:00";531;346;46;13;0;6;1;1
2147483647;"2016-05-05 00:00:00";916;196;42;38;0;4;2;3
2147483647;"2016-05-06 00:00:00";855;177;0;0;0;3;0;0
2147483647;"2016-05-07 00:00:00";1256;184;0;0;0;4;0;0
2147483647;"2016-05-08 00:00:00";775;263;0;0;0;4;0;0
2147483647;"2016-05-09 00:00:00";1225;173;5;3;0;3;0;0
2147483647;"2016-05-10 00:00:00";774;206;0;0;0;4;0;0
2147483647;"2016-05-11 00:00:00";1296;134;8;2;0;2;0;0
2147483647;"2016-05-12 00:00:00";721;21;0;0;0;0;0;0
2147483647;"2016-04-12 00:00:00";1276;164;0;0;0;4;0;0
2147483647;"2016-04-13 00:00:00";1280;160;0;0;0;4;0;0
2147483647;"2016-04-14 00:00:00";1440;0;0;0;0;0;0;0
2147483647;"2016-04-15 00:00:00";873;88;6;3;0;2;0;0
2147483647;"2016-04-12 00:00:00";1440;0;0;0;0;0;0;0
2147483647;"2016-04-13 00:00:00";1234;96;15;8;0;1;1;1
2147483647;"2016-04-14 00:00:00";589;339;9;1;0;6;0;0
2147483647;"2016-04-15 00:00:00";752;228;0;0;0;4;0;0
2147483647;"2016-04-16 00:00:00";724;194;0;0;0;3;0;0
2147483647;"2016-04-17 00:00:00";1363;3;0;0;0;0;0;0
2147483647;"2016-04-18 00:00:00";824;58;9;1;0;1;0;0
2147483647;"2016-04-19 00:00:00";604;311;0;0;0;6;0;0
2147483647;"2016-04-20 00:00:00";671;306;18;0;0;5;1;0
2147483647;"2016-04-21 00:00:00";1265;34;0;0;0;0;0;0
2147483647;"2016-04-22 00:00:00";709;176;19;1;0;2;1;0
2147483647;"2016-04-23 00:00:00";546;233;0;0;0;3;0;0
2147483647;"2016-04-24 00:00:00";692;191;5;1;0;2;0;0
2147483647;"2016-04-25 00:00:00";544;390;8;0;0;6;0;0
2147483647;"2016-04-26 00:00:00";649;288;21;8;0;5;1;1
2147483647;"2016-04-27 00:00:00";680;300;47;6;0;5;2;0
2147483647;"2016-04-28 00:00:00";552;359;8;13;0;6;0;1
2147483647;"2016-04-29 00:00:00";624;289;18;6;0;4;1;0
2147483647;"2016-04-30 00:00:00";695;196;38;6;0;4;2;0
2147483647;"2016-05-01 00:00:00";836;67;0;0;0;1;0;0
2147483647;"2016-05-02 00:00:00";585;344;11;0;0;6;0;0
2147483647;"2016-05-03 00:00:00";669;287;26;8;0;5;1;1
2147483647;"2016-05-04 00:00:00";1106;313;13;8;0;6;1;1
2147483647;"2016-05-05 00:00:00";957;328;34;27;0;5;1;3
2147483647;"2016-05-06 00:00:00";692;314;11;6;0;5;0;0
2147483647;"2016-05-07 00:00:00";586;279;28;3;0;4;1;0
2147483647;"2016-05-08 00:00:00";603;153;0;0;0;2;0;0
2147483647;"2016-05-09 00:00:00";490;374;14;2;0;6;1;0
2147483647;"2016-05-10 00:00:00";555;329;12;3;0;6;0;0
2147483647;"2016-05-11 00:00:00";574;311;18;3;0;5;1;0
2147483647;"2016-05-12 00:00:00";0;2;0;0;0;0;0;0
2147483647;"2016-04-12 00:00:00";1440;0;0;0;0;0;0;0
2147483647;"2016-04-13 00:00:00";1275;150;14;1;0;4;1;0
2147483647;"2016-04-14 00:00:00";945;219;35;10;0;6;1;0
2147483647;"2016-04-15 00:00:00";837;299;0;0;0;7;0;0
2147483647;"2016-04-16 00:00:00";609;253;9;6;0;4;0;0
2147483647;"2016-04-17 00:00:00";721;201;0;0;0;4;0;0
2147483647;"2016-04-18 00:00:00";1017;239;8;27;0;5;0;4
2147483647;"2016-04-19 00:00:00";704;249;16;20;0;6;1;1
2147483647;"2016-04-20 00:00:00";696;228;42;19;0;5;2;1
2147483647;"2016-04-21 00:00:00";853;272;12;7;0;7;0;0
2147483647;"2016-04-22 00:00:00";945;220;25;77;0;5;1;3
2147483647;"2016-04-23 00:00:00";749;215;5;58;0;5;0;5
2147483647;"2016-04-24 00:00:00";584;239;8;14;0;6;1;1
2147483647;"2016-04-25 00:00:00";1054;301;31;11;0;8;1;1
2147483647;"2016-04-26 00:00:00";673;224;23;14;0;5;1;1
2147483647;"2016-04-27 00:00:00";684;241;48;11;0;5;3;1
2147483647;"2016-04-28 00:00:00";878;234;9;19;0;6;0;1
2147483647;"2016-04-29 00:00:00";1175;236;16;13;0;5;1;1
2147483647;"2016-04-30 00:00:00";537;300;43;14;0;7;2;1
2147483647;"2016-05-01 00:00:00";579;241;15;12;0;6;1;1
2147483647;"2016-05-02 00:00:00";935;204;4;33;0;5;0;4
2147483647;"2016-05-03 00:00:00";984;306;18;18;0;8;1;1
2147483647;"2016-05-04 00:00:00";632;251;21;35;0;6;1;3
2147483647;"2016-05-05 00:00:00";896;199;39;12;0;5;2;1
2147483647;"2016-05-06 00:00:00";1100;262;45;33;0;6;2;2
2147483647;"2016-05-07 00:00:00";508;260;56;120;0;5;3;9
2147483647;"2016-05-08 00:00:00";576;178;38;107;0;3;1;10
2147483647;"2016-05-09 00:00:00";1020;258;19;6;0;7;1;0
2147483647;"2016-05-10 00:00:00";648;267;14;13;0;6;1;1
2147483647;"2016-05-11 00:00:00";858;256;18;8;0;7;1;1
2147483647;"2016-05-12 00:00:00";825;108;0;0;0;3;0;0
2147483647;"2016-04-12 00:00:00";787;196;0;0;0;2;0;0
2147483647;"2016-04-13 00:00:00";840;194;0;0;0;2;0;0
2147483647;"2016-04-14 00:00:00";717;231;0;0;0;3;0;0
2147483647;"2016-04-15 00:00:00";711;350;0;0;0;5;0;0
2147483647;"2016-04-16 00:00:00";716;225;0;0;0;3;0;0
2147483647;"2016-04-17 00:00:00";1219;114;0;0;0;2;0;0
2147483647;"2016-04-18 00:00:00";1247;162;6;25;0;2;0;2
2147483647;"2016-04-19 00:00:00";895;121;0;0;0;1;0;0
2147483647;"2016-04-20 00:00:00";841;137;0;0;0;1;0;0
2147483647;"2016-04-21 00:00:00";756;215;0;0;0;3;0;0
2147483647;"2016-04-22 00:00:00";706;317;0;0;0;5;0;0
2147483647;"2016-04-23 00:00:00";1239;201;0;0;0;3;0;0
2147483647;"2016-04-24 00:00:00";1196;244;0;0;0;3;0;0
2147483647;"2016-04-25 00:00:00";916;179;0;0;0;2;0;0
2147483647;"2016-04-26 00:00:00";839;180;1;29;0;2;0;2
2147483647;"2016-04-27 00:00:00";839;194;1;32;0;2;0;3
2147483647;"2016-04-28 00:00:00";762;236;0;0;0;3;0;0
2147483647;"2016-04-29 00:00:00";1106;226;0;0;0;3;0;0
2147483647;"2016-04-30 00:00:00";797;290;0;0;0;4;0;0
2147483647;"2016-05-01 00:00:00";741;240;0;0;0;4;0;0
2147483647;"2016-05-02 00:00:00";667;200;4;27;0;2;0;2
2147483647;"2016-05-03 00:00:00";725;233;2;30;0;3;0;2
2147483647;"2016-05-04 00:00:00";897;180;0;0;0;2;0;0
2147483647;"2016-05-05 00:00:00";734;185;6;2;0;2;0;0
2147483647;"2016-05-06 00:00:00";809;229;0;0;0;3;0;0
2147483647;"2016-05-07 00:00:00";866;108;4;26;0;1;0;2
2147483647;"2016-05-08 00:00:00";733;308;8;0;0;5;0;0
2147483647;"2016-05-09 00:00:00";641;266;0;0;0;4;0;0
2147483647;"2016-05-10 00:00:00";783;231;0;0;0;3;0;0
2147483647;"2016-05-11 00:00:00";622;232;22;34;0;3;1;2
2147483647;"2016-05-12 00:00:00";380;58;0;0;0;1;0;0
2147483647;"2016-04-12 00:00:00";1122;318;0;0;0;3;0;0
2147483647;"2016-04-13 00:00:00";1287;127;7;19;0;2;0;1
2147483647;"2016-04-14 00:00:00";1161;279;0;0;0;4;0;0
2147483647;"2016-04-15 00:00:00";1131;262;30;17;0;4;1;1
2147483647;"2016-04-16 00:00:00";1112;308;12;8;0;4;1;1
2147483647;"2016-04-17 00:00:00";1110;304;19;7;0;5;1;1
2147483647;"2016-04-18 00:00:00";1080;331;15;14;0;4;1;1
2147483647;"2016-04-19 00:00:00";1182;248;9;1;0;3;0;0
2147483647;"2016-04-20 00:00:00";1218;222;0;0;0;3;0;0
2147483647;"2016-04-21 00:00:00";844;432;21;6;0;8;1;0
2147483647;"2016-04-22 00:00:00";1122;273;25;20;0;3;2;1
2147483647;"2016-04-23 00:00:00";1122;308;5;5;0;4;0;0
2147483647;"2016-04-24 00:00:00";1045;395;0;0;0;6;0;0
2147483647;"2016-04-25 00:00:00";993;340;10;18;0;5;0;1
2147483647;"2016-04-26 00:00:00";1062;283;41;12;0;4;2;0
2147483647;"2016-04-27 00:00:00";1087;312;14;27;0;3;1;2
2147483647;"2016-04-28 00:00:00";985;367;11;1;0;6;0;0
2147483647;"2016-04-29 00:00:00";1096;197;29;15;0;2;2;1
2147483647;"2016-04-30 00:00:00";1111;293;29;7;0;4;2;0
2147483647;"2016-05-01 00:00:00";1121;190;0;0;0;2;0;0
2147483647;"2016-05-02 00:00:00";1057;383;0;0;0;5;0;0
2147483647;"2016-05-03 00:00:00";1172;237;10;21;0;3;0;1
2147483647;"2016-05-04 00:00:00";1188;252;0;0;0;3;0;0
2147483647;"2016-05-05 00:00:00";1048;370;8;14;0;6;1;1
2147483647;"2016-05-06 00:00:00";1238;202;0;0;0;2;0;0
2147483647;"2016-05-07 00:00:00";1116;233;16;23;0;3;1;2
2147483647;"2016-05-08 00:00:00";1019;238;35;66;0;2;1;2
2147483647;"2016-05-09 00:00:00";1065;339;30;6;0;6;2;0
2147483647;"2016-05-10 00:00:00";1191;220;18;11;0;2;1;1
2147483647;"2016-05-11 00:00:00";1081;324;31;4;0;4;2;0
2147483647;"2016-05-12 00:00:00";736;247;0;0;0;4;0;0
2147483647;"2016-04-12 00:00:00";718;263;0;0;0;6;0;0
2147483647;"2016-04-13 00:00:00";777;258;0;0;0;6;0;0
2147483647;"2016-04-14 00:00:00";772;271;0;0;0;6;0;0
2147483647;"2016-04-15 00:00:00";944;256;8;1;0;5;0;0
2147483647;"2016-04-16 00:00:00";556;335;24;3;0;8;1;0
2147483647;"2016-04-17 00:00:00";437;302;66;12;0;6;3;1
2147483647;"2016-04-18 00:00:00";890;191;30;22;0;4;1;2
2147483647;"2016-04-19 00:00:00";757;179;8;10;0;4;0;1
2147483647;"2016-04-20 00:00:00";717;260;29;2;0;6;1;0
2147483647;"2016-04-21 00:00:00";901;144;41;4;0;3;2;0
2147483647;"2016-04-22 00:00:00";1341;72;0;0;0;1;0;0
2147483647;"2016-04-23 00:00:00";469;408;66;9;0;8;3;1
2147483647;"2016-04-24 00:00:00";542;281;95;15;0;6;5;1
2147483647;"2016-04-25 00:00:00";730;270;15;6;0;6;1;0
2147483647;"2016-04-26 00:00:00";765;216;8;1;0;5;0;0
2147483647;"2016-04-27 00:00:00";733;238;16;1;0;5;1;0
2147483647;"2016-04-28 00:00:00";738;232;9;14;0;6;0;1
2147483647;"2016-04-29 00:00:00";692;267;19;12;0;6;1;1
2147483647;"2016-04-30 00:00:00";728;263;36;4;0;6;2;0
2147483647;"2016-05-01 00:00:00";1440;0;0;0;0;0;0;0
2147483647;"2016-05-02 00:00:00";1131;195;40;5;0;4;2;0
2147483647;"2016-05-03 00:00:00";729;313;0;0;0;8;0;0
2147483647;"2016-05-04 00:00:00";757;251;15;4;0;6;1;0
2147483647;"2016-05-05 00:00:00";745;241;5;8;0;6;0;1
2147483647;"2016-05-06 00:00:00";682;207;16;1;0;5;1;0
2147483647;"2016-05-07 00:00:00";577;439;46;5;0;9;2;0
2147483647;"2016-05-08 00:00:00";1019;192;125;9;0;4;6;1
2147483647;"2016-05-09 00:00:00";746;253;12;0;0;6;1;0
2147483647;"2016-05-10 00:00:00";701;262;37;1;0;7;2;0
2147483647;"2016-05-11 00:00:00";784;235;41;10;0;5;2;1
2147483647;"2016-05-12 00:00:00";241;68;0;0;0;2;0;0
2147483647;"2016-04-12 00:00:00";767;277;13;19;0;5;1;1
2147483647;"2016-04-13 00:00:00";647;226;0;0;0;3;0;0
2147483647;"2016-04-14 00:00:00";693;256;41;61;0;5;2;4
2147483647;"2016-04-15 00:00:00";689;239;38;58;0;5;2;4
2147483647;"2016-04-16 00:00:00";521;288;0;0;0;4;0;0
2147483647;"2016-04-17 00:00:00";943;46;0;0;0;0;0;0
2147483647;"2016-04-18 00:00:00";622;206;0;0;0;2;0;0
2147483647;"2016-04-19 00:00:00";756;249;28;69;0;4;2;4
2147483647;"2016-04-20 00:00:00";598;148;0;0;0;2;0;0
2147483647;"2016-04-21 00:00:00";801;177;42;47;0;3;2;3
2147483647;"2016-04-22 00:00:00";781;270;16;25;0;6;1;1
2147483647;"2016-04-23 00:00:00";443;272;0;0;0;3;0;0
2147483647;"2016-04-24 00:00:00";582;104;0;0;0;1;0;0
2147483647;"2016-04-25 00:00:00";732;201;11;51;0;4;1;3
2147483647;"2016-04-26 00:00:00";750;238;18;40;0;4;1;2
2147483647;"2016-04-27 00:00:00";745;206;16;16;0;5;1;1
2147483647;"2016-04-28 00:00:00";727;165;13;49;0;3;1;4
2147483647;"2016-04-29 00:00:00";709;270;15;46;0;5;1;3
2147483647;"2016-04-30 00:00:00";506;84;0;0;0;1;0;0
2147483647;"2016-05-01 00:00:00";436;237;0;0;0;3;0;0
2147483647;"2016-05-02 00:00:00";724;227;9;23;0;5;0;1
2147483647;"2016-05-03 00:00:00";812;247;29;26;0;6;1;2
2147483647;"2016-05-04 00:00:00";651;224;0;0;0;3;0;0
2147483647;"2016-05-05 00:00:00";692;241;29;44;0;4;2;3
2147483647;"2016-05-06 00:00:00";761;229;9;21;0;4;1;2
2147483647;"2016-05-07 00:00:00";902;96;0;0;0;1;0;0
2147483647;"2016-05-08 00:00:00";505;210;8;3;0;3;0;0
2147483647;"2016-05-09 00:00:00";667;251;22;59;0;5;1;2
2147483647;"2016-05-10 00:00:00";707;265;40;61;0;5;2;4
2147483647;"2016-05-11 00:00:00";628;195;0;0;0;3;0;0
2147483647;"2016-05-12 00:00:00";222;48;6;8;0;1;0;1
2147483647;"2016-04-12 00:00:00";728;140;16;86;0;2;0;4
2147483647;"2016-04-13 00:00:00";776;144;11;15;0;3;0;0
2147483647;"2016-04-14 00:00:00";662;176;30;118;0;3;0;3
2147483647;"2016-04-15 00:00:00";695;199;54;115;0;4;2;4
2147483647;"2016-04-16 00:00:00";472;158;56;184;0;3;1;7
2147483647;"2016-04-17 00:00:00";525;159;37;200;0;2;1;6
2147483647;"2016-04-18 00:00:00";623;130;32;114;0;2;1;5
2147483647;"2016-04-19 00:00:00";733;111;23;108;0;2;1;7
2147483647;"2016-04-20 00:00:00";773;113;16;87;0;2;0;4
2147483647;"2016-04-21 00:00:00";670;175;74;110;0;3;2;4
2147483647;"2016-04-22 00:00:00";823;200;30;62;0;3;1;2
2147483647;"2016-04-23 00:00:00";627;223;24;24;0;4;0;1
2147483647;"2016-04-24 00:00:00";425;141;65;210;0;2;2;8
2147483647;"2016-04-25 00:00:00";743;214;38;61;0;3;1;1
2147483647;"2016-04-26 00:00:00";759;181;32;38;0;2;1;1
2147483647;"2016-04-27 00:00:00";773;190;16;63;0;3;0;2
2147483647;"2016-04-28 00:00:00";692;141;51;99;0;3;1;3
2147483647;"2016-04-29 00:00:00";739;165;36;97;0;2;1;3
2147483647;"2016-04-30 00:00:00";621;163;45;207;0;3;1;6
2147483647;"2016-05-01 00:00:00";499;178;72;194;0;3;1;5
2147483647;"2016-05-02 00:00:00";732;235;20;37;0;4;0;1
2147483647;"2016-05-03 00:00:00";580;212;8;97;0;4;0;5
2147483647;"2016-05-04 00:00:00";631;141;9;25;0;2;0;2
2147483647;"2016-05-05 00:00:00";1153;143;21;45;0;3;0;3
2147483647;"2016-05-06 00:00:00";1304;79;16;41;0;1;0;2
2147483647;"2016-05-07 00:00:00";1440;0;0;0;0;0;0;0
2147483647;"2016-05-08 00:00:00";1440;0;0;0;0;0;0;0
2147483647;"2016-05-09 00:00:00";1099;70;11;34;0;1;0;1
2147483647;"2016-05-10 00:00:00";639;194;37;104;0;3;1;3
2147483647;"2016-05-11 00:00:00";257;63;15;45;0;1;0;2
2147483647;"2016-04-12 00:00:00";1440;0;0;0;0;0;0;0
2147483647;"2016-04-13 00:00:00";1440;0;0;0;0;0;0;0
2147483647;"2016-04-14 00:00:00";1440;0;0;0;0;0;0;0
2147483647;"2016-04-15 00:00:00";921;513;6;0;0;10;0;0
2147483647;"2016-04-16 00:00:00";502;518;15;7;0;9;1;1
2147483647;"2016-04-17 00:00:00";702;312;0;0;0;5;0;0
2147483647;"2016-04-18 00:00:00";759;241;0;0;0;4;0;0
2147483647;"2016-04-19 00:00:00";425;480;0;0;0;8;0;0
2147483647;"2016-04-20 00:00:00";587;349;10;26;0;6;0;2
2147483647;"2016-04-21 00:00:00";579;294;19;11;0;6;0;1
2147483647;"2016-04-22 00:00:00";413;402;0;0;0;6;0;0
2147483647;"2016-04-23 00:00:00";468;512;0;0;0;9;0;0
2147483647;"2016-04-24 00:00:00";711;362;0;0;0;6;0;0
2147483647;"2016-04-25 00:00:00";1440;0;0;0;0;0;0;0
2147483647;"2016-04-26 00:00:00";1077;352;7;0;0;7;0;0
2147483647;"2016-04-27 00:00:00";417;458;0;0;0;7;0;0
2147483647;"2016-04-28 00:00:00";758;141;0;0;0;3;0;0
2147483647;"2016-04-29 00:00:00";479;461;0;0;0;7;0;0
2147483647;"2016-04-30 00:00:00";1040;343;0;0;0;5;0;0
2147483647;"2016-05-01 00:00:00";525;397;0;0;0;7;0;0
2147483647;"2016-05-02 00:00:00";1204;236;0;0;0;4;0;0
2147483647;"2016-05-03 00:00:00";1440;0;0;0;0;0;0;0
2147483647;"2016-05-04 00:00:00";1279;156;0;0;0;2;0;0
2147483647;"2016-05-05 00:00:00";479;487;0;0;0;7;0;0
2147483647;"2016-05-06 00:00:00";673;133;0;0;0;3;0;0
2147483647;"2016-05-07 00:00:00";456;412;0;0;0;6;0;0
2147483647;"2016-05-08 00:00:00";517;318;0;0;0;6;0;0
2147483647;"2016-05-09 00:00:00";125;197;0;0;0;3;0;0
2147483647;"2016-04-12 00:00:00";1241;199;0;0;0;3;0;0
2147483647;"2016-04-13 00:00:00";1090;350;0;0;0;5;0;0
2147483647;"2016-04-14 00:00:00";1077;363;0;0;0;6;0;0
2147483647;"2016-04-15 00:00:00";1112;328;0;0;0;7;0;0
2147483647;"2016-04-16 00:00:00";1182;258;0;0;0;6;0;0
2147483647;"2016-04-17 00:00:00";1172;225;12;31;0;4;1;1
2147483647;"2016-04-18 00:00:00";1169;271;0;0;0;5;0;0
2147483647;"2016-04-19 00:00:00";1119;321;0;0;0;5;0;0
2147483647;"2016-04-20 00:00:00";1182;258;0;0;0;5;0;0
2147483647;"2016-04-21 00:00:00";1440;0;0;0;0;0;0;0
2147483647;"2016-04-22 00:00:00";1138;302;0;0;0;5;0;0
2147483647;"2016-04-23 00:00:00";1407;0;0;33;0;0;0;0
2147483647;"2016-04-24 00:00:00";1182;258;0;0;0;4;0;0
2147483647;"2016-04-25 00:00:00";1180;249;3;8;0;5;0;1
2147483647;"2016-04-26 00:00:00";1440;0;0;0;0;0;0;0
2147483647;"2016-04-27 00:00:00";1153;287;0;0;0;4;0;0
2147483647;"2016-04-28 00:00:00";1185;255;0;0;0;4;0;0
2147483647;"2016-04-29 00:00:00";1440;0;0;0;0;0;0;0
2147483647;"2016-04-30 00:00:00";1116;324;0;0;0;5;0;0
2147483647;"2016-05-01 00:00:00";1055;282;95;8;0;4;3;1
2147483647;"2016-05-02 00:00:00";1172;268;0;0;0;5;0;0
2147483647;"2016-05-03 00:00:00";1200;240;0;0;0;5;0;0
2147483647;"2016-05-04 00:00:00";1168;272;0;0;0;4;0;0
2147483647;"2016-05-05 00:00:00";1201;239;0;0;0;5;0;0
2147483647;"2016-05-06 00:00:00";1135;305;0;0;0;5;0;0
2147483647;"2016-05-07 00:00:00";1213;227;0;0;0;4;0;0
2147483647;"2016-05-08 00:00:00";1189;251;0;0;0;6;0;0
2147483647;"2016-05-09 00:00:00";800;264;0;0;0;5;0;0
2147483647;"2016-05-10 00:00:00";1440;0;0;0;0;0;0;0
2147483647;"2016-04-12 00:00:00";1440;0;0;0;0;0;0;0
2147483647;"2016-04-13 00:00:00";1053;85;18;17;0;1;1;1
2147483647;"2016-04-14 00:00:00";863;105;24;14;0;2;1;1
2147483647;"2016-04-15 00:00:00";976;58;0;0;0;1;0;0
2147483647;"2016-04-16 00:00:00";1377;9;18;36;0;0;1;3
2147483647;"2016-04-17 00:00:00";1392;19;24;5;0;0;1;0
2147483647;"2016-04-18 00:00:00";1233;146;31;30;0;3;1;2
2147483647;"2016-04-19 00:00:00";1440;0;0;0;0;0;0;0
2147483647;"2016-04-20 00:00:00";1079;178;113;70;0;2;2;4
2147483647;"2016-04-21 00:00:00";1440;0;0;0;0;0;0;0
2147483647;"2016-04-22 00:00:00";1420;20;0;0;0;0;0;0
2147483647;"2016-04-23 00:00:00";1440;0;0;0;0;0;0;0
2147483647;"2016-04-24 00:00:00";1400;11;18;11;0;0;1;1
2147483647;"2016-04-25 00:00:00";1302;92;13;33;0;2;0;2
2147483647;"2016-04-26 00:00:00";1321;47;30;42;0;1;1;3
2147483647;"2016-04-27 00:00:00";1440;0;0;0;0;0;0;0
2147483647;"2016-04-28 00:00:00";1410;15;13;2;0;0;0;0
2147483647;"2016-04-29 00:00:00";1440;0;0;0;0;0;0;0
2147483647;"2016-04-30 00:00:00";1344;84;9;3;0;1;0;0
2147483647;"2016-05-01 00:00:00";1347;50;34;9;0;1;1;0
2147483647;"2016-05-02 00:00:00";1440;0;0;0;0;0;0;0
2147483647;"2016-05-03 00:00:00";1439;1;0;0;0;0;0;0
2147483647;"2016-05-04 00:00:00";1440;0;0;0;0;0;0;0
2147483647;"2016-05-05 00:00:00";1440;0;0;0;0;0;0;0
2147483647;"2016-05-06 00:00:00";1318;75;35;12;0;2;1;0
2147483647;"2016-05-07 00:00:00";551;49;5;2;0;1;0;0
2147483647;"2016-04-12 00:00:00";796;189;14;50;0;3;1;3
2147483647;"2016-04-13 00:00:00";548;142;24;8;0;2;1;1
2147483647;"2016-04-14 00:00:00";862;86;0;0;0;1;0;0
2147483647;"2016-04-15 00:00:00";837;217;0;0;0;4;0;0
2147483647;"2016-04-16 00:00:00";741;280;3;50;0;5;0;4
2147483647;"2016-04-17 00:00:00";634;295;13;5;0;6;1;0
2147483647;"2016-04-18 00:00:00";689;238;42;13;0;4;2;1
2147483647;"2016-04-19 00:00:00";659;195;41;35;0;3;2;2
2147483647;"2016-04-20 00:00:00";639;297;4;48;0;5;0;4
2147483647;"2016-04-21 00:00:00";708;214;27;53;0;4;2;4
2147483647;"2016-04-22 00:00:00";659;240;33;30;0;4;2;2
2147483647;"2016-04-23 00:00:00";484;347;41;58;0;7;2;4
2147483647;"2016-04-24 00:00:00";720;199;0;0;0;3;0;0
2147483647;"2016-04-25 00:00:00";637;282;31;35;0;4;2;3
2147483647;"2016-04-26 00:00:00";680;254;7;36;0;4;0;3
2147483647;"2016-04-27 00:00:00";697;279;38;7;0;4;2;1
2147483647;"2016-04-28 00:00:00";621;288;8;38;0;6;0;3
2147483647;"2016-04-29 00:00:00";645;369;15;12;0;6;0;1
2147483647;"2016-04-30 00:00:00";731;237;16;32;0;4;1;2
2147483647;"2016-05-01 00:00:00";722;215;0;0;0;4;0;0
2147483647;"2016-05-02 00:00:00";655;313;39;18;0;5;2;1
2147483647;"2016-05-03 00:00:00";654;267;36;21;0;4;2;2
2147483647;"2016-05-04 00:00:00";683;284;36;15;0;5;2;0
2147483647;"2016-05-05 00:00:00";591;305;22;14;0;5;1;1
2147483647;"2016-05-06 00:00:00";717;299;0;0;0;4;0;0
2147483647;"2016-05-07 00:00:00";745;328;0;0;0;5;0;0
2147483647;"2016-05-08 00:00:00";709;151;14;0;0;2;1;0
2147483647;"2016-05-09 00:00:00";607;231;21;43;0;4;1;4
2147483647;"2016-05-10 00:00:00";626;275;34;62;0;5;2;3
2147483647;"2016-05-11 00:00:00";709;199;7;24;0;3;0;1
2147483647;"2016-05-12 00:00:00";127;105;8;0;0;2;0;0
2147483647;"2016-04-12 00:00:00";1024;355;8;53;0;5;0;5
2147483647;"2016-04-13 00:00:00";1101;261;22;56;0;4;1;5
2147483647;"2016-04-14 00:00:00";1096;304;6;34;0;5;0;3
2147483647;"2016-04-15 00:00:00";1238;202;0;0;0;4;0;0
2147483647;"2016-04-16 00:00:00";1155;203;0;0;0;3;0;0
2147483647;"2016-04-17 00:00:00";1135;305;0;0;0;5;0;0
2147483647;"2016-04-18 00:00:00";1077;284;31;48;0;5;2;4
2147483647;"2016-04-19 00:00:00";1066;304;17;53;0;5;1;4
2147483647;"2016-04-20 00:00:00";1000;347;33;60;0;6;1;5
2147483647;"2016-04-21 00:00:00";1049;327;34;30;0;5;2;2
2147483647;"2016-04-22 00:00:00";1065;261;50;64;0;4;2;4
2147483647;"2016-04-23 00:00:00";1190;223;25;2;0;4;1;0
2147483647;"2016-04-24 00:00:00";1021;419;0;0;0;7;0;0
2147483647;"2016-04-25 00:00:00";986;379;24;51;0;8;1;4
2147483647;"2016-04-26 00:00:00";978;424;22;16;0;8;1;1
2147483647;"2016-04-27 00:00:00";1041;337;12;50;0;5;1;4
2147483647;"2016-04-28 00:00:00";1007;401;16;16;0;8;1;1
2147483647;"2016-04-29 00:00:00";961;382;42;55;0;8;2;4
2147483647;"2016-04-30 00:00:00";1240;200;0;0;0;3;0;0
2147483647;"2016-05-01 00:00:00";1142;237;0;0;0;4;0;0
2147483647;"2016-05-02 00:00:00";1112;250;14;64;0;4;1;5
2147483647;"2016-05-03 00:00:00";1021;330;31;58;0;5;1;4
2147483647;"2016-05-04 00:00:00";1440;0;0;0;0;0;0;0
2147483647;"2016-05-05 00:00:00";1047;317;23;53;0;5;1;4
2147483647;"2016-05-06 00:00:00";1136;247;13;44;0;4;1;3
2147483647;"2016-05-07 00:00:00";111;0;0;0;0;0;0;0
2147483647;"2016-04-12 00:00:00";745;153;6;59;0;3;0;5
2147483647;"2016-04-13 00:00:00";744;155;26;31;0;3;0;1
2147483647;"2016-04-14 00:00:00";787;189;32;35;0;4;0;2
2147483647;"2016-04-15 00:00:00";864;139;21;30;0;3;1;2
2147483647;"2016-04-16 00:00:00";1437;3;0;0;0;0;0;0
2147483647;"2016-04-17 00:00:00";1440;0;0;0;0;0;0;0
2147483647;"2016-04-18 00:00:00";1136;114;51;61;0;2;1;3
2147483647;"2016-04-19 00:00:00";671;124;69;67;0;3;1;4
2147483647;"2016-04-20 00:00:00";797;145;13;87;0;3;0;8
2147483647;"2016-04-21 00:00:00";758;206;6;19;0;5;0;1
2147483647;"2016-04-22 00:00:00";762;153;59;58;0;3;1;3
2147483647;"2016-04-23 00:00:00";1350;90;0;0;0;2;0;0
2147483647;"2016-04-24 00:00:00";566;125;0;0;0;2;0;0
2147483647;"2016-04-25 00:00:00";706;129;39;69;0;2;1;4
2147483647;"2016-04-26 00:00:00";726;132;33;70;0;2;1;4
2147483647;"2016-04-27 00:00:00";829;145;6;55;0;3;0;6
2147483647;"2016-04-28 00:00:00";810;161;48;54;0;3;2;3
2147483647;"2016-04-29 00:00:00";1198;182;36;24;0;4;0;0
2147483647;"2016-04-30 00:00:00";584;308;17;42;0;5;1;3
2147483647;"2016-05-01 00:00:00";685;258;15;30;0;5;1;2
2147483647;"2016-05-02 00:00:00";737;139;26;66;0;3;1;3
2147483647;"2016-05-03 00:00:00";761;152;36;57;0;3;1;3
2147483647;"2016-05-04 00:00:00";843;135;12;45;0;3;0;5
2147483647;"2016-05-05 00:00:00";1253;149;14;24;0;3;1;2
2147483647;"2016-05-06 00:00:00";834;154;35;84;0;3;1;4
2147483647;"2016-05-07 00:00:00";621;209;42;20;0;5;2;1
2147483647;"2016-05-08 00:00:00";695;147;27;32;0;3;2;2
2147483647;"2016-05-09 00:00:00";743;171;50;67;0;3;2;4
2147483647;"2016-05-10 00:00:00";1182;106;23;72;0;2;1;7
2147483647;"2016-05-11 00:00:00";757;128;40;57;0;2;1;3
2147483647;"2016-05-12 00:00:00";343;58;4;5;0;2;0;0
2147483647;"2016-04-12 00:00:00";1193;123;8;116;0;2;0;12
2147483647;"2016-04-13 00:00:00";1177;156;12;95;0;2;0;10
2147483647;"2016-04-14 00:00:00";1123;193;5;119;0;3;0;12
2147483647;"2016-04-15 00:00:00";1142;158;8;132;0;3;0;13
2147483647;"2016-04-16 00:00:00";1255;83;6;96;0;1;0;9
2147483647;"2016-04-17 00:00:00";1113;195;21;111;0;4;1;9
2147483647;"2016-04-18 00:00:00";1137;195;6;102;0;3;0;9
2147483647;"2016-04-19 00:00:00";1152;191;7;90;0;3;0;9
2147483647;"2016-04-20 00:00:00";695;158;5;89;0;2;0;10
2147483647;"2016-04-21 00:00:00";1164;170;6;100;0;3;0;10
2147483647;"2016-04-22 00:00:00";1260;117;3;60;0;2;0;6
2147483647;"2016-04-23 00:00:00";741;223;14;125;0;4;1;13
2147483647;"2016-04-24 00:00:00";1096;182;33;129;0;3;2;13
2147483647;"2016-04-25 00:00:00";1104;209;9;118;0;4;0;11
2147483647;"2016-04-26 00:00:00";1182;185;5;68;0;3;0;6
2147483647;"2016-04-27 00:00:00";1187;183;10;60;0;3;0;6
2147483647;"2016-04-28 00:00:00";1188;153;9;90;0;2;0;10
2147483647;"2016-04-29 00:00:00";1215;159;8;58;0;3;0;6
2147483647;"2016-04-30 00:00:00";1281;131;1;27;0;3;0;3
2147483647;"2016-05-01 00:00:00";1389;51;0;0;0;1;0;0
2147483647;"2016-05-02 00:00:00";1345;95;0;0;0;1;0;0
2147483647;"2016-05-03 00:00:00";1166;165;22;87;0;3;1;8
2147483647;"2016-05-04 00:00:00";1220;123;8;89;0;2;0;9
2147483647;"2016-05-05 00:00:00";1208;130;9;93;0;2;0;9
2147483647;"2016-05-06 00:00:00";1245;90;15;90;0;1;1;9
2147483647;"2016-05-07 00:00:00";1076;148;20;121;0;2;1;12
2147483647;"2016-05-08 00:00:00";1073;228;14;125;0;4;1;13
2147483647;"2016-05-09 00:00:00";1214;148;12;66;0;3;1;6
2147483647;"2016-05-10 00:00:00";1219;115;10;96;0;2;0;9
2147483647;"2016-05-11 00:00:00";1189;184;7;60;0;3;0;6
2147483647;"2016-05-12 00:00:00";839;39;4;28;0;1;0;3
2147483647;"2016-04-12 00:00:00";1244;154;2;40;0;2;0;5
2147483647;"2016-04-13 00:00:00";1298;96;11;35;0;1;1;4
2147483647;"2016-04-14 00:00:00";1362;33;16;29;0;1;1;2
2147483647;"2016-04-15 00:00:00";1335;105;0;0;0;2;0;0
2147483647;"2016-04-16 00:00:00";1268;115;51;6;0;2;3;0
2147483647;"2016-04-17 00:00:00";1237;157;5;41;0;2;0;5
2147483647;"2016-04-18 00:00:00";1278;130;16;16;0;2;1;1
2147483647;"2016-04-19 00:00:00";1276;164;0;0;0;3;0;0
2147483647;"2016-04-20 00:00:00";1201;216;18;5;0;3;1;0
2147483647;"2016-04-21 00:00:00";1199;172;20;49;0;2;1;6
2147483647;"2016-04-22 00:00:00";1320;120;0;0;0;2;0;0
2147483647;"2016-04-23 00:00:00";1193;191;26;30;0;3;1;2
2147483647;"2016-04-24 00:00:00";1313;82;4;41;0;1;0;6
2147483647;"2016-04-25 00:00:00";1261;118;54;7;0;2;2;0
2147483647;"2016-04-26 00:00:00";1299;108;14;19;0;1;0;1
2147483647;"2016-04-27 00:00:00";1286;104;5;45;0;2;0;6
2147483647;"2016-04-28 00:00:00";1393;20;16;11;0;0;1;1
2147483647;"2016-04-29 00:00:00";1257;136;14;16;0;2;1;1
2147483647;"2016-04-30 00:00:00";1440;0;0;0;0;0;0;0
2147483647;"2016-04-12 00:00:00";723;156;15;65;0;5;1;1
2147483647;"2016-04-13 00:00:00";680;169;14;116;0;4;1;5
2147483647;"2016-04-14 00:00:00";699;174;21;123;0;4;1;6
2147483647;"2016-04-15 00:00:00";729;190;23;60;0;5;1;5
2147483647;"2016-04-16 00:00:00";563;142;21;64;0;2;1;5
2147483647;"2016-04-17 00:00:00";599;93;0;0;0;2;0;0
2147483647;"2016-04-18 00:00:00";720;174;10;117;0;5;1;5
2147483647;"2016-04-19 00:00:00";737;154;19;120;0;4;1;5
2147483647;"2016-04-20 00:00:00";763;169;8;82;0;5;0;2
2147483647;"2016-04-21 00:00:00";677;145;16;137;0;4;1;7
2147483647;"2016-04-22 00:00:00";769;159;12;113;0;4;1;5
2147483647;"2016-04-23 00:00:00";740;136;10;19;0;2;1;2
2147483647;"2016-04-24 00:00:00";734;135;0;0;0;3;0;0
2147483647;"2016-04-25 00:00:00";692;141;16;117;0;4;1;5
2147483647;"2016-04-26 00:00:00";593;161;18;90;0;4;1;8
2147483647;"2016-04-27 00:00:00";676;192;4;4;0;5;0;0
2147483647;"2016-04-28 00:00:00";711;139;10;11;0;3;0;1
2147483647;"2016-04-29 00:00:00";767;172;7;3;0;4;0;0
2147483647;"2016-04-30 00:00:00";780;121;0;0;0;2;0;0
2147483647;"2016-05-01 00:00:00";669;127;10;71;0;2;1;6
2147483647;"2016-05-02 00:00:00";802;142;4;63;0;4;0;1
2147483647;"2016-05-03 00:00:00";822;195;20;71;0;5;1;1
2147483647;"2016-05-04 00:00:00";680;167;10;19;0;4;0;2
2147483647;"2016-05-05 00:00:00";764;214;3;66;0;6;0;1
2147483647;"2016-05-06 00:00:00";831;166;5;74;0;4;0;2
2147483647;"2016-05-07 00:00:00";851;158;0;0;0;4;0;0
2147483647;"2016-05-08 00:00:00";621;139;0;0;0;2;0;0
2147483647;"2016-05-09 00:00:00";772;171;13;71;0;5;1;1
2147483647;"2016-05-10 00:00:00";840;152;13;63;0;4;1;1
2147483647;"2016-05-11 00:00:00";763;184;10;72;0;5;1;1
2147483647;"2016-05-12 00:00:00";433;102;6;8;0;3;0;1
2147483647;"2016-04-12 00:00:00";1237;196;7;0;0;4;0;0
2147483647;"2016-04-13 00:00:00";1252;163;23;2;0;3;1;0
2147483647;"2016-04-14 00:00:00";1306;134;0;0;0;2;0;0
2147483647;"2016-04-15 00:00:00";1375;65;0;0;0;1;0;0
2147483647;"2016-04-16 00:00:00";1440;0;0;0;0;0;0;0
2147483647;"2016-04-17 00:00:00";1440;0;0;0;0;0;0;0
2147483647;"2016-04-18 00:00:00";1309;105;22;4;0;1;1;0
2147483647;"2016-04-19 00:00:00";1257;166;10;7;0;3;0;1
2147483647;"2016-04-20 00:00:00";1246;167;27;0;0;3;1;0
2147483647;"2016-04-21 00:00:00";1229;158;18;35;0;3;1;3
2147483647;"2016-04-22 00:00:00";1170;212;54;4;0;4;2;0
2147483647;"2016-04-23 00:00:00";1151;238;44;7;0;5;2;1
2147483647;"2016-04-24 00:00:00";1188;206;44;2;0;4;2;0
2147483647;"2016-04-25 00:00:00";1294;122;6;18;0;2;0;1
2147483647;"2016-04-26 00:00:00";1134;214;91;1;0;4;4;0
2147483647;"2016-04-27 00:00:00";1229;129;5;77;0;3;0;7
2147483647;"2016-04-28 00:00:00";1209;203;28;0;0;4;1;0
2147483647;"2016-04-29 00:00:00";1069;258;67;46;0;5;3;4
2147483647;"2016-04-30 00:00:00";1093;317;28;2;0;6;1;0
2147483647;"2016-05-01 00:00:00";1311;117;2;10;0;2;0;1
2147483647;"2016-05-02 00:00:00";1440;0;0;0;0;0;0;0
2147483647;"2016-05-03 00:00:00";1440;0;0;0;0;0;0;0
2147483647;"2016-05-04 00:00:00";1440;0;0;0;0;0;0;0
2147483647;"2016-05-05 00:00:00";1370;70;0;0;0;1;0;0
2147483647;"2016-05-06 00:00:00";1250;166;22;2;0;3;1;0
2147483647;"2016-05-07 00:00:00";1190;250;0;0;0;5;0;0
2147483647;"2016-05-08 00:00:00";1183;182;72;3;0;4;3;0
2147483647;"2016-05-09 00:00:00";1260;110;4;66;0;2;0;6
2147483647;"2016-05-10 00:00:00";1226;162;43;9;0;4;2;1
2147483647;"2016-05-11 00:00:00";1106;177;71;5;0;3;3;0
2147483647;"2016-05-12 00:00:00";1440;0;0;0;0;0;0;0
2147483647;"2016-04-12 00:00:00";831;116;0;0;0;2;0;0
2147483647;"2016-04-13 00:00:00";806;82;0;0;0;1;0;0
2147483647;"2016-04-14 00:00:00";853;84;0;0;0;1;0;0
2147483647;"2016-04-15 00:00:00";937;126;0;0;0;2;0;0
2147483647;"2016-04-16 00:00:00";1428;12;0;0;0;0;0;0
2147483647;"2016-04-17 00:00:00";1440;0;0;0;0;0;0;0
2147483647;"2016-04-18 00:00:00";1440;0;0;0;0;0;0;0
2147483647;"2016-04-19 00:00:00";1440;0;0;0;0;0;0;0
2147483647;"2016-04-20 00:00:00";744;139;10;0;0;2;0;0
2147483647;"2016-04-21 00:00:00";1431;9;0;0;0;0;0;0
2147483647;"2016-04-22 00:00:00";817;195;20;1;0;2;0;0
2147483647;"2016-04-23 00:00:00";795;232;45;8;0;3;0;0
2147483647;"2016-04-24 00:00:00";1410;19;8;3;0;0;0;0
2147483647;"2016-04-25 00:00:00";1440;0;0;0;0;0;0;0
2147483647;"2016-04-26 00:00:00";1360;80;0;0;0;1;0;0
2147483647;"2016-04-27 00:00:00";900;112;0;0;0;1;0;0
2147483647;"2016-04-28 00:00:00";714;310;0;0;0;4;0;0
2147483647;"2016-04-29 00:00:00";634;380;14;6;0;5;0;0
2147483647;"2016-04-30 00:00:00";749;301;20;10;0;4;0;0
2147483647;"2016-05-01 00:00:00";834;79;0;0;0;1;0;0
2147483647;"2016-05-02 00:00:00";916;101;0;0;0;1;0;0
2147483647;"2016-05-03 00:00:00";739;156;0;0;0;2;0;0
2147483647;"2016-05-04 00:00:00";848;129;0;0;0;1;0;0
2147483647;"2016-05-05 00:00:00";1440;0;0;0;0;0;0;0
2147483647;"2016-05-06 00:00:00";1440;0;0;0;0;0;0;0
2147483647;"2016-05-07 00:00:00";1440;0;0;0;0;0;0;0
2147483647;"2016-05-08 00:00:00";1440;0;0;0;0;0;0;0
2147483647;"2016-05-09 00:00:00";1440;0;0;0;0;0;0;0
2147483647;"2016-05-10 00:00:00";48;0;0;0;0;0;0;0
2147483647;"2016-04-12 00:00:00";1036;312;7;85;0;8;0;12
2147483647;"2016-04-13 00:00:00";1098;216;18;108;0;6;0;4
2147483647;"2016-04-14 00:00:00";1061;298;13;68;0;8;1;11
2147483647;"2016-04-15 00:00:00";1052;281;1;106;0;7;0;0
2147483647;"2016-04-16 00:00:00";888;429;29;94;0;11;1;13
2147483647;"2016-04-17 00:00:00";1060;307;15;58;0;9;0;0
2147483647;"2016-04-18 00:00:00";1215;191;5;29;0;6;0;2
2147483647;"2016-04-19 00:00:00";1131;214;13;82;0;5;0;12
2147483647;"2016-04-20 00:00:00";1123;225;19;73;0;6;1;11
2147483647;"2016-04-21 00:00:00";1119;226;13;82;0;5;0;12
2147483647;"2016-04-22 00:00:00";1141;236;2;61;0;6;0;10
2147483647;"2016-04-23 00:00:00";1032;300;6;102;0;7;0;0
2147483647;"2016-04-24 00:00:00";1148;227;1;64;0;5;0;11
2147483647;"2016-04-25 00:00:00";1101;218;8;113;0;6;0;2
2147483647;"2016-04-26 00:00:00";1157;258;3;22;0;7;0;2
2147483647;"2016-04-27 00:00:00";1104;235;8;93;0;7;0;13
2147483647;"2016-04-28 00:00:00";1143;231;8;58;0;6;0;5
2147483647;"2016-04-29 00:00:00";1207;210;5;18;0;6;0;1
2147483647;"2016-04-30 00:00:00";1089;223;4;124;0;5;0;22
2147483647;"2016-05-01 00:00:00";1226;166;12;36;0;5;1;3
2147483647;"2016-05-02 00:00:00";1335;105;0;0;0;4;0;0
2147483647;"2016-05-03 00:00:00";1189;229;3;19;0;7;0;1
2147483647;"2016-05-04 00:00:00";1154;212;8;66;0;6;0;10
2147483647;"2016-05-05 00:00:00";1170;188;15;67;0;4;1;5
2147483647;"2016-05-06 00:00:00";1095;232;17;96;0;6;0;13
2147483647;"2016-05-07 00:00:00";1036;271;28;105;0;7;1;0
2147483647;"2016-05-08 00:00:00";1174;245;4;17;0;7;0;1
2147483647;"2016-05-09 00:00:00";1131;217;19;73;0;6;1;11
2147483647;"2016-05-10 00:00:00";1187;224;11;18;0;6;0;1
2147483647;"2016-05-11 00:00:00";1127;213;12;88;0;6;0;13
2147483647;"2016-05-12 00:00:00";770;137;1;23;0;4;0;2
1503960366;"2016-04-12 00:00:00";728;328;13;25;0;6;1;2
1503960366;"2016-04-13 00:00:00";776;217;19;21;0;5;1;2
1503960366;"2016-04-14 00:00:00";1218;181;11;30;0;4;0;2
1503960366;"2016-04-15 00:00:00";726;209;34;29;0;3;1;2
1503960366;"2016-04-16 00:00:00";773;221;10;36;0;5;0;3
1503960366;"2016-04-17 00:00:00";539;164;20;38;0;3;1;3
1503960366;"2016-04-18 00:00:00";1149;233;16;42;0;5;1;3
1503960366;"2016-04-19 00:00:00";775;264;31;50;0;5;1;4
1503960366;"2016-04-20 00:00:00";818;205;12;28;0;4;0;2
1503960366;"2016-04-21 00:00:00";838;211;8;19;0;5;0;1
1503960366;"2016-04-22 00:00:00";1217;130;27;66;0;2;1;5
1503960366;"2016-04-23 00:00:00";732;262;21;41;0;5;1;3
1503960366;"2016-04-24 00:00:00";709;238;5;39;0;3;0;3
1503960366;"2016-04-25 00:00:00";814;216;14;73;0;4;1;5
1503960366;"2016-04-26 00:00:00";833;279;23;31;0;6;1;2
1503960366;"2016-04-27 00:00:00";1108;243;11;78;0;5;0;6
1503960366;"2016-04-28 00:00:00";782;189;28;48;0;4;1;4
1503960366;"2016-04-29 00:00:00";815;243;12;16;0;6;1;1
1503960366;"2016-04-30 00:00:00";712;217;34;52;0;4;1;4
1503960366;"2016-05-01 00:00:00";730;246;35;33;0;3;2;2
1503960366;"2016-05-02 00:00:00";798;277;15;41;0;6;1;3
1503960366;"2016-05-03 00:00:00";816;254;24;50;0;5;1;4
1503960366;"2016-05-04 00:00:00";1179;203;22;36;0;4;1;2
1503960366;"2016-05-05 00:00:00";857;250;24;45;0;5;1;3
1503960366;"2016-05-06 00:00:00";754;289;6;24;0;6;0;2
1503960366;"2016-05-07 00:00:00";833;175;46;37;0;3;2;2
1503960366;"2016-05-08 00:00:00";574;203;8;44;0;3;0;4
1503960366;"2016-05-09 00:00:00";835;206;11;46;0;4;1;3
1503960366;"2016-05-10 00:00:00";746;214;31;46;0;3;1;3
1503960366;"2016-05-11 00:00:00";669;251;23;36;0;5;1;3
1503960366;"2016-05-12 00:00:00";1440;0;0;0;0;0;0;0
1624580081;"2016-04-12 00:00:00";1294;146;0;0;0;5;0;0
1624580081;"2016-04-13 00:00:00";1292;148;0;0;0;5;0;0
1624580081;"2016-04-14 00:00:00";1204;236;0;0;0;6;0;0
1624580081;"2016-04-15 00:00:00";1344;96;0;0;0;1;0;0
1624580081;"2016-04-16 00:00:00";1264;176;0;0;0;3;0;0
1624580081;"2016-04-17 00:00:00";1276;127;22;15;0;1;2;1
1624580081;"2016-04-18 00:00:00";1214;202;7;17;0;5;1;2
1624580081;"2016-04-19 00:00:00";1299;141;0;0;0;2;0;0
1624580081;"2016-04-20 00:00:00";1289;151;0;0;0;3;0;0
1624580081;"2016-04-21 00:00:00";1254;186;0;0;0;4;0;0
1624580081;"2016-04-22 00:00:00";1241;199;0;0;0;3;0;0
1624580081;"2016-04-23 00:00:00";1213;227;0;0;0;6;0;0
1624580081;"2016-04-24 00:00:00";1221;185;18;16;0;2;1;1
1624580081;"2016-04-25 00:00:00";1238;202;0;0;0;4;0;0
1624580081;"2016-04-26 00:00:00";1300;140;0;0;0;2;0;0
1624580081;"2016-04-27 00:00:00";1233;154;36;17;0;2;2;1
1624580081;"2016-04-28 00:00:00";1320;115;5;0;0;2;0;0
1624580081;"2016-04-29 00:00:00";1290;150;0;0;0;2;0;0
1624580081;"2016-04-30 00:00:00";1182;224;23;11;0;2;1;1
1624580081;"2016-05-01 00:00:00";1020;171;63;186;0;2;4;22
1624580081;"2016-05-02 00:00:00";1261;166;6;7;0;3;1;1
1624580081;"2016-05-03 00:00:00";1344;96;0;0;0;1;0;0
1624580081;"2016-05-04 00:00:00";1322;118;0;0;0;1;0;0
1624580081;"2016-05-05 00:00:00";1323;117;0;0;0;2;0;0
1624580081;"2016-05-06 00:00:00";1338;102;0;0;0;1;0;0
1624580081;"2016-05-07 00:00:00";1258;182;0;0;0;1;0;0
1624580081;"2016-05-08 00:00:00";1288;152;0;0;0;2;0;0
1624580081;"2016-05-09 00:00:00";1349;91;0;0;0;1;0;0
1624580081;"2016-05-10 00:00:00";1301;139;0;0;0;2;0;0
1624580081;"2016-05-11 00:00:00";1328;112;0;0;0;2;0;0
1624580081;"2016-05-12 00:00:00";890;107;0;0;0;2;0;0
1644430081;"2016-04-12 00:00:00";1131;256;51;2;0;5;2;0
1644430081;"2016-04-13 00:00:00";1259;135;16;30;0;3;1;2
1644430081;"2016-04-14 00:00:00";1125;252;58;5;0;5;3;0
1644430081;"2016-04-15 00:00:00";1263;170;4;3;0;3;0;0
1644430081;"2016-04-16 00:00:00";1135;212;42;51;0;5;2;4
1644430081;"2016-04-17 00:00:00";1212;186;13;29;0;4;1;2
1644430081;"2016-04-18 00:00:00";1271;121;33;15;0;2;2;1
1644430081;"2016-04-19 00:00:00";1099;278;58;5;0;5;3;0
1644430081;"2016-04-20 00:00:00";1315;125;0;0;0;2;0;0
1644430081;"2016-04-21 00:00:00";1402;38;0;0;0;1;0;0
1644430081;"2016-04-22 00:00:00";1354;86;0;0;0;3;0;0
1644430081;"2016-04-23 00:00:00";1265;160;15;0;0;4;1;0
1644430081;"2016-04-24 00:00:00";1351;89;0;0;0;2;0;0
1644430081;"2016-04-25 00:00:00";1337;94;1;8;0;2;0;1
1644430081;"2016-04-26 00:00:00";1165;223;41;11;0;5;2;1
1644430081;"2016-04-27 00:00:00";1322;118;0;0;0;2;0;0
1644430081;"2016-04-28 00:00:00";1157;227;53;3;0;4;2;0
1644430081;"2016-04-29 00:00:00";1193;120;0;0;0;2;0;0
1644430081;"2016-04-30 00:00:00";816;402;71;9;0;9;3;1
1644430081;"2016-05-01 00:00:00";908;146;24;3;0;3;1;0
1644430081;"2016-05-02 00:00:00";682;148;7;1;0;2;0;0
1644430081;"2016-05-03 00:00:00";1115;221;94;10;0;5;4;1
1644430081;"2016-05-04 00:00:00";1388;52;0;0;0;2;0;0
1644430081;"2016-05-05 00:00:00";1341;81;12;6;0;2;1;1
1644430081;"2016-05-06 00:00:00";1054;369;6;11;0;6;0;1
1644430081;"2016-05-07 00:00:00";1139;243;17;41;0;6;1;3
1644430081;"2016-05-08 00:00:00";991;295;0;0;0;5;0;0
1644430081;"2016-05-09 00:00:00";1099;303;6;32;0;2;0;2
1644430081;"2016-05-10 00:00:00";1254;155;19;12;0;5;1;1
1644430081;"2016-05-11 00:00:00";713;49;0;0;0;1;0;0
1844505072;"2016-04-12 00:00:00";1101;339;0;0;0;4;0;0
1844505072;"2016-04-13 00:00:00";1192;248;0;0;0;3;0;0
1844505072;"2016-04-14 00:00:00";843;373;0;0;0;5;0;0
1844505072;"2016-04-15 00:00:00";527;176;0;0;0;3;0;0
1844505072;"2016-04-16 00:00:00";1293;147;0;0;0;2;0;0
1844505072;"2016-04-17 00:00:00";1231;199;8;2;0;3;0;0
1844505072;"2016-04-18 00:00:00";1211;217;12;0;0;3;0;0
1844505072;"2016-04-19 00:00:00";1430;10;0;0;0;0;0;0
1844505072;"2016-04-20 00:00:00";1439;1;0;0;0;0;0;0
1844505072;"2016-04-21 00:00:00";1117;308;13;2;0;5;1;0
1844505072;"2016-04-22 00:00:00";1220;220;0;0;0;4;0;0
1844505072;"2016-04-23 00:00:00";1301;139;0;0;0;2;0;0
1844505072;"2016-04-24 00:00:00";1440;0;0;0;0;0;0;0
1844505072;"2016-04-25 00:00:00";1440;0;0;0;0;0;0;0
1844505072;"2016-04-26 00:00:00";1440;0;0;0;0;0;0;0
1844505072;"2016-04-27 00:00:00";1439;1;0;0;0;0;0;0
1844505072;"2016-04-28 00:00:00";1138;302;0;0;0;5;0;0
1844505072;"2016-04-29 00:00:00";1082;247;0;0;0;3;0;0
1844505072;"2016-04-30 00:00:00";218;184;0;0;0;3;0;0
1844505072;"2016-05-01 00:00:00";585;75;7;0;0;1;0;0
1844505072;"2016-05-02 00:00:00";1440;0;0;0;0;0;0;0
1844505072;"2016-05-03 00:00:00";1256;184;0;0;0;3;0;0
1844505072;"2016-05-04 00:00:00";1353;87;0;0;0;1;0;0
1844505072;"2016-05-05 00:00:00";1320;120;0;0;0;1;0;0
1844505072;"2016-05-06 00:00:00";1438;2;0;0;0;0;0;0
1844505072;"2016-05-07 00:00:00";1440;0;0;0;0;0;0;0
1844505072;"2016-05-08 00:00:00";1440;0;0;0;0;0;0;0
1844505072;"2016-05-09 00:00:00";1440;0;0;0;0;0;0;0
1844505072;"2016-05-10 00:00:00";1440;0;0;0;0;0;0;0
1844505072;"2016-05-11 00:00:00";1440;0;0;0;0;0;0;0
1844505072;"2016-05-12 00:00:00";711;0;0;0;0;0;0;0
1927972279;"2016-04-12 00:00:00";734;55;0;0;0;0;0;0
1927972279;"2016-04-13 00:00:00";986;32;0;0;0;0;0;0
1927972279;"2016-04-14 00:00:00";1292;88;9;0;0;1;0;0
1927972279;"2016-04-15 00:00:00";941;51;0;0;0;1;0;0
1927972279;"2016-04-16 00:00:00";1440;0;0;0;0;0;0;0
1927972279;"2016-04-17 00:00:00";1440;0;0;0;0;0;0;0
1927972279;"2016-04-18 00:00:00";1423;17;0;0;0;0;0;0
1927972279;"2016-04-19 00:00:00";1440;0;0;0;0;0;0;0
1927972279;"2016-04-20 00:00:00";1440;0;0;0;0;0;0;0
1927972279;"2016-04-21 00:00:00";1440;0;0;0;0;0;0;0
1927972279;"2016-04-22 00:00:00";1430;10;0;0;0;0;0;0
1927972279;"2016-04-23 00:00:00";1295;145;0;0;0;2;0;0
1927972279;"2016-04-24 00:00:00";1358;75;6;1;0;1;0;0
1927972279;"2016-04-25 00:00:00";1303;12;0;0;0;0;0;0
1927972279;"2016-04-26 00:00:00";1058;192;0;0;0;3;0;0
1927972279;"2016-04-27 00:00:00";1440;0;0;0;0;0;0;0
1927972279;"2016-04-28 00:00:00";1167;95;0;0;0;1;0;0
1927972279;"2016-04-29 00:00:00";1440;0;0;0;0;0;0;0
1927972279;"2016-04-30 00:00:00";1440;0;0;0;0;0;0;0
1927972279;"2016-05-01 00:00:00";1355;70;1;14;0;1;0;1
1927972279;"2016-05-02 00:00:00";1322;94;8;16;0;1;0;1
1927972279;"2016-05-03 00:00:00";1413;17;0;10;0;0;0;1
1927972279;"2016-05-04 00:00:00";1353;87;0;0;0;1;0;0
1927972279;"2016-05-05 00:00:00";1440;0;0;0;0;0;0;0
1927972279;"2016-05-06 00:00:00";1332;108;0;0;0;1;0;0
1927972279;"2016-05-07 00:00:00";1392;48;0;0;0;1;0;0
1927972279;"2016-05-08 00:00:00";1440;0;0;0;0;0;0;0
1927972279;"2016-05-09 00:00:00";1440;0;0;0;0;0;0;0
1927972279;"2016-05-10 00:00:00";1440;0;0;0;0;0;0;0
1927972279;"2016-05-11 00:00:00";1440;0;0;0;0;0;0;0
1927972279;"2016-05-12 00:00:00";966;0;0;0;0;0;0;0
2022484408;"2016-04-12 00:00:00";1157;227;14;42;0;4;1;3
2022484408;"2016-04-13 00:00:00";1100;292;5;43;0;5;0;3
2022484408;"2016-04-14 00:00:00";1148;257;3;32;0;5;0;2
2022484408;"2016-04-15 00:00:00";1122;282;9;27;0;6;0;2
2022484408;"2016-04-16 00:00:00";1237;151;11;41;0;3;1;3
2022484408;"2016-04-17 00:00:00";1052;331;29;28;0;7;1;4
2022484408;"2016-04-18 00:00:00";1078;311;3;48;0;6;0;4
2022484408;"2016-04-19 00:00:00";1152;250;7;31;0;5;0;3
2022484408;"2016-04-20 00:00:00";1053;276;63;48;0;5;2;3
2022484408;"2016-04-21 00:00:00";1028;255;53;104;0;4;1;3
2022484408;"2016-04-22 00:00:00";1105;273;10;52;0;4;0;4
2022484408;"2016-04-23 00:00:00";1191;249;0;0;0;4;0;0
2022484408;"2016-04-24 00:00:00";1161;216;26;37;0;5;1;5
2022484408;"2016-04-25 00:00:00";1171;217;8;44;0;4;0;3
2022484408;"2016-04-26 00:00:00";1086;275;24;55;0;5;1;1
2022484408;"2016-04-27 00:00:00";1119;282;20;19;0;5;1;1
2022484408;"2016-04-28 00:00:00";1123;291;20;6;0;5;1;0
2022484408;"2016-04-29 00:00:00";1098;281;40;21;0;6;1;0
2022484408;"2016-04-30 00:00:00";1043;361;23;13;0;11;1;1
2022484408;"2016-05-01 00:00:00";1142;245;28;25;0;5;1;2
2022484408;"2016-05-02 00:00:00";1119;277;8;36;0;4;0;3
2022484408;"2016-05-03 00:00:00";1104;250;14;72;0;4;0;4
2022484408;"2016-05-04 00:00:00";1105;272;27;36;0;5;1;3
2022484408;"2016-05-05 00:00:00";1112;253;20;55;0;5;1;3
2022484408;"2016-05-06 00:00:00";1104;295;17;24;0;5;1;2
2022484408;"2016-05-07 00:00:00";1269;149;2;20;0;3;0;2
2022484408;"2016-05-08 00:00:00";1305;135;0;0;0;2;0;0
2022484408;"2016-05-09 00:00:00";1061;297;47;35;0;6;2;2
2022484408;"2016-05-10 00:00:00";1084;271;28;57;0;6;1;2
2022484408;"2016-05-11 00:00:00";1133;224;25;58;0;4;1;4
2022484408;"2016-05-12 00:00:00";728;236;16;16;0;4;1;1
2026352035;"2016-04-12 00:00:00";706;181;8;3;0;2;0;0
2026352035;"2016-04-13 00:00:00";663;238;0;0;0;3;0;0
2026352035;"2016-04-14 00:00:00";653;197;0;0;0;2;0;0
2026352035;"2016-04-15 00:00:00";687;188;0;0;0;2;0;0
2026352035;"2016-04-16 00:00:00";728;150;0;0;0;2;0;0
2026352035;"2016-04-17 00:00:00";1053;60;0;0;0;1;0;0
2026352035;"2016-04-18 00:00:00";1062;182;0;0;0;2;0;0
2026352035;"2016-04-19 00:00:00";785;141;0;0;0;2;0;0
2026352035;"2016-04-20 00:00:00";623;327;0;0;0;4;0;0
2026352035;"2016-04-21 00:00:00";749;153;0;0;0;2;0;0
2026352035;"2016-04-22 00:00:00";712;162;0;0;0;2;0;0
2026352035;"2016-04-23 00:00:00";458;432;0;0;0;8;0;0
2026352035;"2016-04-24 00:00:00";704;164;0;0;0;2;0;0
2026352035;"2016-04-25 00:00:00";821;260;0;0;0;4;0;0
2026352035;"2016-04-26 00:00:00";1018;288;0;0;0;4;0;0
2026352035;"2016-04-27 00:00:00";586;286;0;0;0;4;0;0
2026352035;"2016-04-28 00:00:00";626;331;0;0;0;4;0;0
2026352035;"2016-04-29 00:00:00";492;352;0;0;0;5;0;0
2026352035;"2016-04-30 00:00:00";594;233;0;0;0;3;0;0
2026352035;"2016-05-01 00:00:00";716;191;0;0;0;2;0;0
2026352035;"2016-05-02 00:00:00";716;355;0;0;0;4;0;0
2026352035;"2016-05-03 00:00:00";981;304;0;0;0;4;0;0
2026352035;"2016-05-04 00:00:00";530;345;0;0;0;4;0;0
2026352035;"2016-05-05 00:00:00";479;475;0;0;0;8;0;0
2026352035;"2016-05-06 00:00:00";511;383;0;0;0;5;0;0
2026352035;"2016-05-07 00:00:00";665;229;0;0;0;3;0;0
2026352035;"2016-05-08 00:00:00";610;258;0;0;0;3;0;0
2026352035;"2016-05-09 00:00:00";543;401;0;0;0;7;0;0
2026352035;"2016-05-10 00:00:00";1002;17;0;0;0;0;0;0
2026352035;"2016-05-11 00:00:00";569;330;0;0;0;5;0;0
2026352035;"2016-05-12 00:00:00";330;343;0;0;0;6;0;0
2320127002;"2016-04-12 00:00:00";1112;306;9;13;0;6;0;1
2320127002;"2016-04-13 00:00:00";1105;335;0;0;0;5;0;0
2320127002;"2016-04-14 00:00:00";1249;191;0;0;0;3;0;0
2320127002;"2016-04-15 00:00:00";1195;245;0;0;0;4;0;0
2320127002;"2016-04-16 00:00:00";1245;195;0;0;0;3;0;0
2320127002;"2016-04-17 00:00:00";1191;249;0;0;0;4;0;0
2320127002;"2016-04-18 00:00:00";1173;260;7;0;0;4;0;0
2320127002;"2016-04-19 00:00:00";1201;228;11;0;0;4;0;0
2320127002;"2016-04-20 00:00:00";1146;283;11;0;0;4;0;0
2320127002;"2016-04-21 00:00:00";1302;127;10;1;0;2;0;0
2320127002;"2016-04-22 00:00:00";1174;266;0;0;0;4;0;0
2320127002;"2016-04-23 00:00:00";1129;242;0;0;0;3;0;0
2320127002;"2016-04-24 00:00:00";1236;204;0;0;0;3;0;0
2320127002;"2016-04-25 00:00:00";1280;152;5;3;0;2;0;0
2320127002;"2016-04-26 00:00:00";1293;147;0;0;0;2;0;0
2320127002;"2016-04-27 00:00:00";1358;82;0;0;0;1;0;0
2320127002;"2016-04-28 00:00:00";1364;76;0;0;0;1;0;0
2320127002;"2016-04-29 00:00:00";1395;45;0;0;0;1;0;0
2320127002;"2016-04-30 00:00:00";1206;234;0;0;0;3;0;0
2320127002;"2016-05-01 00:00:00";1400;40;0;0;0;1;0;0
2320127002;"2016-05-02 00:00:00";1306;123;6;5;0;2;0;0
2320127002;"2016-05-03 00:00:00";1204;206;10;20;0;3;0;1
2320127002;"2016-05-04 00:00:00";1388;52;0;0;0;1;0;0
2320127002;"2016-05-05 00:00:00";1206;223;11;0;0;3;0;0
2320127002;"2016-05-06 00:00:00";1236;204;0;0;0;3;0;0
2320127002;"2016-05-07 00:00:00";1121;319;0;0;0;5;0;0
2320127002;"2016-05-08 00:00:00";1193;247;0;0;0;3;0;0
2320127002;"2016-05-09 00:00:00";1295;145;0;0;0;2;0;0
2320127002;"2016-05-10 00:00:00";1150;290;0;0;0;4;0;0
2320127002;"2016-05-11 00:00:00";1140;300;0;0;0;4;0;0
2320127002;"2016-05-12 00:00:00";830;128;0;0;0;2;0;0
2347167796;"2016-04-12 00:00:00";964;320;13;28;0;4;1;2
2347167796;"2016-04-13 00:00:00";676;195;32;19;0;3;2;2
2347167796;"2016-04-14 00:00:00";705;206;48;1;0;4;3;0
2347167796;"2016-04-15 00:00:00";720;284;24;1;0;5;1;0
2347167796;"2016-04-16 00:00:00";968;268;72;66;0;6;4;5
2347167796;"2016-04-17 00:00:00";508;249;7;1;0;3;0;0
2347167796;"2016-04-18 00:00:00";678;206;16;11;0;4;1;1
2347167796;"2016-04-19 00:00:00";648;382;7;0;0;4;0;0
2347167796;"2016-04-20 00:00:00";1011;269;43;11;0;5;2;1
2347167796;"2016-04-21 00:00:00";761;208;26;23;0;3;2;2
2347167796;"2016-04-22 00:00:00";781;206;27;9;0;3;2;1
2347167796;"2016-04-23 00:00:00";591;360;35;32;0;7;1;3
2347167796;"2016-04-24 00:00:00";584;360;0;0;0;6;0;0
2347167796;"2016-04-25 00:00:00";653;277;11;15;0;5;1;1
2347167796;"2016-04-26 00:00:00";732;227;0;0;0;4;0;0
2347167796;"2016-04-27 00:00:00";623;295;9;26;0;5;0;2
2347167796;"2016-04-28 00:00:00";764;229;0;0;0;4;0;0
2347167796;"2016-04-29 00:00:00";2;4;0;0;0;0;0;0
2873212765;"2016-04-12 00:00:00";1061;356;21;2;0;5;1;0
2873212765;"2016-04-13 00:00:00";1028;404;8;0;0;5;0;0
2873212765;"2016-04-14 00:00:00";1109;331;0;0;0;5;0;0
2873212765;"2016-04-15 00:00:00";992;448;0;0;0;6;0;0
2873212765;"2016-04-16 00:00:00";1087;305;1;47;0;4;0;3
2873212765;"2016-04-17 00:00:00";1272;160;8;0;0;1;0;0
2873212765;"2016-04-18 00:00:00";1122;311;6;1;0;5;0;0
2873212765;"2016-04-19 00:00:00";1051;389;0;0;0;5;0;0
2873212765;"2016-04-20 00:00:00";1035;378;5;22;0;5;0;2
2873212765;"2016-04-21 00:00:00";1057;371;10;2;0;5;0;0
2873212765;"2016-04-22 00:00:00";1028;366;0;46;0;4;0;0
2873212765;"2016-04-23 00:00:00";1077;330;5;28;0;4;0;2
2873212765;"2016-04-24 00:00:00";1203;190;1;46;0;2;0;3
2873212765;"2016-04-25 00:00:00";1081;359;0;0;0;5;0;0
2873212765;"2016-04-26 00:00:00";1124;309;5;2;0;5;0;0
2873212765;"2016-04-27 00:00:00";1197;197;0;46;0;2;0;0
2873212765;"2016-04-28 00:00:00";1192;213;7;28;0;3;0;2
2873212765;"2016-04-29 00:00:00";1191;206;23;20;0;2;1;1
2873212765;"2016-04-30 00:00:00";1167;248;20;5;0;4;1;0
2873212765;"2016-05-01 00:00:00";1219;196;18;7;0;3;1;0
2873212765;"2016-05-02 00:00:00";1099;334;7;0;0;5;0;0
2873212765;"2016-05-03 00:00:00";1070;363;6;1;0;5;0;0
2873212765;"2016-05-04 00:00:00";1020;420;0;0;0;6;0;0
2873212765;"2016-05-05 00:00:00";1093;311;23;13;0;4;1;1
2873212765;"2016-05-06 00:00:00";1065;370;5;0;0;5;0;0
2873212765;"2016-05-07 00:00:00";1302;52;11;75;0;1;1;2
2873212765;"2016-05-08 00:00:00";1068;326;0;46;0;3;0;3
2873212765;"2016-05-09 00:00:00";1095;345;0;0;0;5;0;0
2873212765;"2016-05-10 00:00:00";1067;373;0;0;0;6;0;0
2873212765;"2016-05-11 00:00:00";1121;319;0;0;0;4;0;0
2873212765;"2016-05-12 00:00:00";720;268;0;0;0;5;0;0
3372868164;"2016-04-12 00:00:00";1160;280;0;0;0;3;0;0
3372868164;"2016-04-13 00:00:00";1045;371;8;16;0;5;0;1
3372868164;"2016-04-14 00:00:00";1039;370;25;6;0;5;1;0
3372868164;"2016-04-15 00:00:00";1105;335;0;0;0;5;0;0
3372868164;"2016-04-16 00:00:00";1084;356;0;0;0;5;0;0
3372868164;"2016-04-17 00:00:00";1105;322;2;11;0;4;0;1
3372868164;"2016-04-18 00:00:00";1070;343;7;20;0;3;0;1
3372868164;"2016-04-19 00:00:00";1064;376;0;0;0;5;0;0
3372868164;"2016-04-20 00:00:00";1148;274;3;15;0;2;0;1
3372868164;"2016-04-21 00:00:00";1037;376;9;18;0;5;0;1
3372868164;"2016-04-22 00:00:00";1234;206;0;0;0;3;0;0
3372868164;"2016-04-23 00:00:00";1115;303;2;20;0;4;0;1
3372868164;"2016-04-24 00:00:00";1127;292;7;14;0;3;0;1
3372868164;"2016-04-25 00:00:00";1024;416;0;0;0;4;0;0
3372868164;"2016-04-26 00:00:00";1083;333;2;22;0;4;0;2
3372868164;"2016-04-27 00:00:00";1057;346;13;24;0;3;1;2
3372868164;"2016-04-28 00:00:00";1055;385;0;0;0;4;0;0
3372868164;"2016-04-29 00:00:00";1038;402;0;0;0;6;0;0
3372868164;"2016-04-30 00:00:00";1119;300;4;17;0;2;0;1
3372868164;"2016-05-01 00:00:00";842;172;0;0;0;2;0;0
3977333714;"2016-04-12 00:00:00";777;131;19;44;0;2;1;3
3977333714;"2016-04-13 00:00:00";754;153;46;31;0;3;2;2
3977333714;"2016-04-14 00:00:00";801;214;23;5;0;4;1;0
3977333714;"2016-04-15 00:00:00";644;183;42;15;0;3;2;1
3977333714;"2016-04-16 00:00:00";663;153;83;31;0;3;4;2
3977333714;"2016-04-17 00:00:00";600;205;58;11;0;4;2;1
3977333714;"2016-04-18 00:00:00";605;214;95;4;0;4;4;0
3977333714;"2016-04-19 00:00:00";738;221;67;19;0;4;2;2
3977333714;"2016-04-20 00:00:00";845;164;98;2;0;3;4;0
3977333714;"2016-04-21 00:00:00";712;242;0;0;0;4;0;0
3977333714;"2016-04-22 00:00:00";731;188;12;33;0;3;1;2
3977333714;"2016-04-23 00:00:00";724;252;92;0;0;4;4;0
3977333714;"2016-04-24 00:00:00";660;129;95;30;0;2;5;3
3977333714;"2016-04-25 00:00:00";781;133;9;50;0;2;0;6
3977333714;"2016-04-26 00:00:00";797;170;95;7;0;3;4;0
3977333714;"2016-04-27 00:00:00";714;176;10;0;0;5;0;0
3977333714;"2016-04-28 00:00:00";804;190;8;15;0;3;0;1
3977333714;"2016-04-29 00:00:00";744;150;32;36;0;3;1;4
3977333714;"2016-04-30 00:00:00";687;194;52;43;0;3;2;4
3977333714;"2016-05-01 00:00:00";691;124;40;41;0;2;2;3
3977333714;"2016-05-02 00:00:00";713;176;143;24;0;3;6;2
3977333714;"2016-05-03 00:00:00";594;258;41;47;0;5;2;3
3977333714;"2016-05-04 00:00:00";852;142;96;14;0;3;5;2
3977333714;"2016-05-05 00:00:00";680;178;88;14;0;3;4;2
3977333714;"2016-05-06 00:00:00";676;168;55;29;0;3;3;3
3977333714;"2016-05-07 00:00:00";703;208;86;0;0;4;4;0
3977333714;"2016-05-08 00:00:00";688;171;116;9;0;3;5;1
3977333714;"2016-05-09 00:00:00";1159;151;122;8;0;4;6;1
3977333714;"2016-05-10 00:00:00";676;196;115;1;0;3;5;0
3977333714;"2016-05-11 00:00:00";13;9;0;4;0;0;0;0
4020332650;"2016-04-12 00:00:00";712;331;15;4;0;6;0;0
4020332650;"2016-04-13 00:00:00";1440;0;0;0;0;0;0;0
4020332650;"2016-04-14 00:00:00";1437;3;0;0;0;0;0;0
4020332650;"2016-04-15 00:00:00";1299;87;18;36;0;1;0;0
4020332650;"2016-04-16 00:00:00";1222;55;21;65;0;1;0;0
4020332650;"2016-04-17 00:00:00";1438;2;0;0;0;0;0;0
4020332650;"2016-04-18 00:00:00";1438;2;0;0;0;0;0;0
4020332650;"2016-04-19 00:00:00";1440;0;0;0;0;0;0;0
4020332650;"2016-04-20 00:00:00";1440;0;0;0;0;0;0;0
4020332650;"2016-04-21 00:00:00";1440;0;0;0;0;0;0;0
4020332650;"2016-04-22 00:00:00";1440;0;0;0;0;0;0;0
4020332650;"2016-04-23 00:00:00";1440;0;0;0;0;0;0;0
4020332650;"2016-04-24 00:00:00";1440;0;0;0;0;0;0;0
4020332650;"2016-04-25 00:00:00";1440;0;0;0;0;0;0;0
4020332650;"2016-04-26 00:00:00";1440;0;0;0;0;0;0;0
4020332650;"2016-04-27 00:00:00";1440;0;0;0;0;0;0;0
4020332650;"2016-04-28 00:00:00";1440;0;0;0;0;0;0;0
4020332650;"2016-04-29 00:00:00";1440;0;0;0;0;0;0;0
4020332650;"2016-04-30 00:00:00";1440;0;0;0;0;0;0;0
4020332650;"2016-05-01 00:00:00";1440;0;0;0;0;0;0;0
4020332650;"2016-05-02 00:00:00";1350;31;11;0;0;0;0;0
4020332650;"2016-05-03 00:00:00";950;174;0;0;0;3;0;0
4020332650;"2016-05-04 00:00:00";531;346;46;13;0;6;1;1
4020332650;"2016-05-05 00:00:00";916;196;42;38;0;4;2;3
4020332650;"2016-05-06 00:00:00";855;177;0;0;0;3;0;0
4020332650;"2016-05-07 00:00:00";1256;184;0;0;0;4;0;0
4020332650;"2016-05-08 00:00:00";775;263;0;0;0;4;0;0
4020332650;"2016-05-09 00:00:00";1225;173;5;3;0;3;0;0
4020332650;"2016-05-10 00:00:00";774;206;0;0;0;4;0;0
4020332650;"2016-05-11 00:00:00";1296;134;8;2;0;2;0;0
4020332650;"2016-05-12 00:00:00";721;21;0;0;0;0;0;0
4057192912;"2016-04-12 00:00:00";1276;164;0;0;0;4;0;0
4057192912;"2016-04-13 00:00:00";1280;160;0;0;0;4;0;0
4057192912;"2016-04-14 00:00:00";1440;0;0;0;0;0;0;0
4057192912;"2016-04-15 00:00:00";873;88;6;3;0;2;0;0
4319703577;"2016-04-12 00:00:00";1440;0;0;0;0;0;0;0
4319703577;"2016-04-13 00:00:00";1234;96;15;8;0;1;1;1
4319703577;"2016-04-14 00:00:00";589;339;9;1;0;6;0;0
4319703577;"2016-04-15 00:00:00";752;228;0;0;0;4;0;0
4319703577;"2016-04-16 00:00:00";724;194;0;0;0;3;0;0
4319703577;"2016-04-17 00:00:00";1363;3;0;0;0;0;0;0
4319703577;"2016-04-18 00:00:00";824;58;9;1;0;1;0;0
4319703577;"2016-04-19 00:00:00";604;311;0;0;0;6;0;0
4319703577;"2016-04-20 00:00:00";671;306;18;0;0;5;1;0
4319703577;"2016-04-21 00:00:00";1265;34;0;0;0;0;0;0
4319703577;"2016-04-22 00:00:00";709;176;19;1;0;2;1;0
4319703577;"2016-04-23 00:00:00";546;233;0;0;0;3;0;0
4319703577;"2016-04-24 00:00:00";692;191;5;1;0;2;0;0
4319703577;"2016-04-25 00:00:00";544;390;8;0;0;6;0;0
4319703577;"2016-04-26 00:00:00";649;288;21;8;0;5;1;1
4319703577;"2016-04-27 00:00:00";680;300;47;6;0;5;2;0
4319703577;"2016-04-28 00:00:00";552;359;8;13;0;6;0;1
4319703577;"2016-04-29 00:00:00";624;289;18;6;0;4;1;0
4319703577;"2016-04-30 00:00:00";695;196;38;6;0;4;2;0
4319703577;"2016-05-01 00:00:00";836;67;0;0;0;1;0;0
4319703577;"2016-05-02 00:00:00";585;344;11;0;0;6;0;0
4319703577;"2016-05-03 00:00:00";669;287;26;8;0;5;1;1
4319703577;"2016-05-04 00:00:00";1106;313;13;8;0;6;1;1
4319703577;"2016-05-05 00:00:00";957;328;34;27;0;5;1;3
4319703577;"2016-05-06 00:00:00";692;314;11;6;0;5;0;0
4319703577;"2016-05-07 00:00:00";586;279;28;3;0;4;1;0
4319703577;"2016-05-08 00:00:00";603;153;0;0;0;2;0;0
4319703577;"2016-05-09 00:00:00";490;374;14;2;0;6;1;0
4319703577;"2016-05-10 00:00:00";555;329;12;3;0;6;0;0
4319703577;"2016-05-11 00:00:00";574;311;18;3;0;5;1;0
4319703577;"2016-05-12 00:00:00";0;2;0;0;0;0;0;0
4388161847;"2016-04-12 00:00:00";1440;0;0;0;0;0;0;0
4388161847;"2016-04-13 00:00:00";1275;150;14;1;0;4;1;0
4388161847;"2016-04-14 00:00:00";945;219;35;10;0;6;1;0
4388161847;"2016-04-15 00:00:00";837;299;0;0;0;7;0;0
4388161847;"2016-04-16 00:00:00";609;253;9;6;0;4;0;0
4388161847;"2016-04-17 00:00:00";721;201;0;0;0;4;0;0
4388161847;"2016-04-18 00:00:00";1017;239;8;27;0;5;0;4
4388161847;"2016-04-19 00:00:00";704;249;16;20;0;6;1;1
4388161847;"2016-04-20 00:00:00";696;228;42;19;0;5;2;1
4388161847;"2016-04-21 00:00:00";853;272;12;7;0;7;0;0
4388161847;"2016-04-22 00:00:00";945;220;25;77;0;5;1;3
4388161847;"2016-04-23 00:00:00";749;215;5;58;0;5;0;5
4388161847;"2016-04-24 00:00:00";584;239;8;14;0;6;1;1
4388161847;"2016-04-25 00:00:00";1054;301;31;11;0;8;1;1
4388161847;"2016-04-26 00:00:00";673;224;23;14;0;5;1;1
4388161847;"2016-04-27 00:00:00";684;241;48;11;0;5;3;1
4388161847;"2016-04-28 00:00:00";878;234;9;19;0;6;0;1
4388161847;"2016-04-29 00:00:00";1175;236;16;13;0;5;1;1
4388161847;"2016-04-30 00:00:00";537;300;43;14;0;7;2;1
4388161847;"2016-05-01 00:00:00";579;241;15;12;0;6;1;1
4388161847;"2016-05-02 00:00:00";935;204;4;33;0;5;0;4
4388161847;"2016-05-03 00:00:00";984;306;18;18;0;8;1;1
4388161847;"2016-05-04 00:00:00";632;251;21;35;0;6;1;3
4388161847;"2016-05-05 00:00:00";896;199;39;12;0;5;2;1
4388161847;"2016-05-06 00:00:00";1100;262;45;33;0;6;2;2
4388161847;"2016-05-07 00:00:00";508;260;56;120;0;5;3;9
4388161847;"2016-05-08 00:00:00";576;178;38;107;0;3;1;10
4388161847;"2016-05-09 00:00:00";1020;258;19;6;0;7;1;0
4388161847;"2016-05-10 00:00:00";648;267;14;13;0;6;1;1
4388161847;"2016-05-11 00:00:00";858;256;18;8;0;7;1;1
4388161847;"2016-05-12 00:00:00";825;108;0;0;0;3;0;0
4445114986;"2016-04-12 00:00:00";787;196;0;0;0;2;0;0
4445114986;"2016-04-13 00:00:00";840;194;0;0;0;2;0;0
4445114986;"2016-04-14 00:00:00";717;231;0;0;0;3;0;0
4445114986;"2016-04-15 00:00:00";711;350;0;0;0;5;0;0
4445114986;"2016-04-16 00:00:00";716;225;0;0;0;3;0;0
4445114986;"2016-04-17 00:00:00";1219;114;0;0;0;2;0;0
4445114986;"2016-04-18 00:00:00";1247;162;6;25;0;2;0;2
4445114986;"2016-04-19 00:00:00";895;121;0;0;0;1;0;0
4445114986;"2016-04-20 00:00:00";841;137;0;0;0;1;0;0
4445114986;"2016-04-21 00:00:00";756;215;0;0;0;3;0;0
4445114986;"2016-04-22 00:00:00";706;317;0;0;0;5;0;0
4445114986;"2016-04-23 00:00:00";1239;201;0;0;0;3;0;0
4445114986;"2016-04-24 00:00:00";1196;244;0;0;0;3;0;0
4445114986;"2016-04-25 00:00:00";916;179;0;0;0;2;0;0
4445114986;"2016-04-26 00:00:00";839;180;1;29;0;2;0;2
4445114986;"2016-04-27 00:00:00";839;194;1;32;0;2;0;3
4445114986;"2016-04-28 00:00:00";762;236;0;0;0;3;0;0
4445114986;"2016-04-29 00:00:00";1106;226;0;0;0;3;0;0
4445114986;"2016-04-30 00:00:00";797;290;0;0;0;4;0;0
4445114986;"2016-05-01 00:00:00";741;240;0;0;0;4;0;0
4445114986;"2016-05-02 00:00:00";667;200;4;27;0;2;0;2
4445114986;"2016-05-03 00:00:00";725;233;2;30;0;3;0;2
4445114986;"2016-05-04 00:00:00";897;180;0;0;0;2;0;0
4445114986;"2016-05-05 00:00:00";734;185;6;2;0;2;0;0
4445114986;"2016-05-06 00:00:00";809;229;0;0;0;3;0;0
4445114986;"2016-05-07 00:00:00";866;108;4;26;0;1;0;2
4445114986;"2016-05-08 00:00:00";733;308;8;0;0;5;0;0
4445114986;"2016-05-09 00:00:00";641;266;0;0;0;4;0;0
4445114986;"2016-05-10 00:00:00";783;231;0;0;0;3;0;0
4445114986;"2016-05-11 00:00:00";622;232;22;34;0;3;1;2
4445114986;"2016-05-12 00:00:00";380;58;0;0;0;1;0;0
4558609924;"2016-04-12 00:00:00";1122;318;0;0;0;3;0;0
4558609924;"2016-04-13 00:00:00";1287;127;7;19;0;2;0;1
4558609924;"2016-04-14 00:00:00";1161;279;0;0;0;4;0;0
4558609924;"2016-04-15 00:00:00";1131;262;30;17;0;4;1;1
4558609924;"2016-04-16 00:00:00";1112;308;12;8;0;4;1;1
4558609924;"2016-04-17 00:00:00";1110;304;19;7;0;5;1;1
4558609924;"2016-04-18 00:00:00";1080;331;15;14;0;4;1;1
4558609924;"2016-04-19 00:00:00";1182;248;9;1;0;3;0;0
4558609924;"2016-04-20 00:00:00";1218;222;0;0;0;3;0;0
4558609924;"2016-04-21 00:00:00";844;432;21;6;0;8;1;0
4558609924;"2016-04-22 00:00:00";1122;273;25;20;0;3;2;1
4558609924;"2016-04-23 00:00:00";1122;308;5;5;0;4;0;0
4558609924;"2016-04-24 00:00:00";1045;395;0;0;0;6;0;0
4558609924;"2016-04-25 00:00:00";993;340;10;18;0;5;0;1
4558609924;"2016-04-26 00:00:00";1062;283;41;12;0;4;2;0
4558609924;"2016-04-27 00:00:00";1087;312;14;27;0;3;1;2
4558609924;"2016-04-28 00:00:00";985;367;11;1;0;6;0;0
4558609924;"2016-04-29 00:00:00";1096;197;29;15;0;2;2;1
4558609924;"2016-04-30 00:00:00";1111;293;29;7;0;4;2;0
4558609924;"2016-05-01 00:00:00";1121;190;0;0;0;2;0;0
4558609924;"2016-05-02 00:00:00";1057;383;0;0;0;5;0;0
4558609924;"2016-05-03 00:00:00";1172;237;10;21;0;3;0;1
4558609924;"2016-05-04 00:00:00";1188;252;0;0;0;3;0;0
4558609924;"2016-05-05 00:00:00";1048;370;8;14;0;6;1;1
4558609924;"2016-05-06 00:00:00";1238;202;0;0;0;2;0;0
4558609924;"2016-05-07 00:00:00";1116;233;16;23;0;3;1;2
4558609924;"2016-05-08 00:00:00";1019;238;35;66;0;2;1;2
4558609924;"2016-05-09 00:00:00";1065;339;30;6;0;6;2;0
4558609924;"2016-05-10 00:00:00";1191;220;18;11;0;2;1;1
4558609924;"2016-05-11 00:00:00";1081;324;31;4;0;4;2;0
4558609924;"2016-05-12 00:00:00";736;247;0;0;0;4;0;0
4702921684;"2016-04-12 00:00:00";718;263;0;0;0;6;0;0
4702921684;"2016-04-13 00:00:00";777;258;0;0;0;6;0;0
4702921684;"2016-04-14 00:00:00";772;271;0;0;0;6;0;0
4702921684;"2016-04-15 00:00:00";944;256;8;1;0;5;0;0
4702921684;"2016-04-16 00:00:00";556;335;24;3;0;8;1;0
4702921684;"2016-04-17 00:00:00";437;302;66;12;0;6;3;1
4702921684;"2016-04-18 00:00:00";890;191;30;22;0;4;1;2
4702921684;"2016-04-19 00:00:00";757;179;8;10;0;4;0;1
4702921684;"2016-04-20 00:00:00";717;260;29;2;0;6;1;0
4702921684;"2016-04-21 00:00:00";901;144;41;4;0;3;2;0
4702921684;"2016-04-22 00:00:00";1341;72;0;0;0;1;0;0
4702921684;"2016-04-23 00:00:00";469;408;66;9;0;8;3;1
4702921684;"2016-04-24 00:00:00";542;281;95;15;0;6;5;1
4702921684;"2016-04-25 00:00:00";730;270;15;6;0;6;1;0
4702921684;"2016-04-26 00:00:00";765;216;8;1;0;5;0;0
4702921684;"2016-04-27 00:00:00";733;238;16;1;0;5;1;0
4702921684;"2016-04-28 00:00:00";738;232;9;14;0;6;0;1
4702921684;"2016-04-29 00:00:00";692;267;19;12;0;6;1;1
4702921684;"2016-04-30 00:00:00";728;263;36;4;0;6;2;0
4702921684;"2016-05-01 00:00:00";1440;0;0;0;0;0;0;0
4702921684;"2016-05-02 00:00:00";1131;195;40;5;0;4;2;0
4702921684;"2016-05-03 00:00:00";729;313;0;0;0;8;0;0
4702921684;"2016-05-04 00:00:00";757;251;15;4;0;6;1;0
4702921684;"2016-05-05 00:00:00";745;241;5;8;0;6;0;1
4702921684;"2016-05-06 00:00:00";682;207;16;1;0;5;1;0
4702921684;"2016-05-07 00:00:00";577;439;46;5;0;9;2;0
4702921684;"2016-05-08 00:00:00";1019;192;125;9;0;4;6;1
4702921684;"2016-05-09 00:00:00";746;253;12;0;0;6;1;0
4702921684;"2016-05-10 00:00:00";701;262;37;1;0;7;2;0
4702921684;"2016-05-11 00:00:00";784;235;41;10;0;5;2;1
4702921684;"2016-05-12 00:00:00";241;68;0;0;0;2;0;0
5553957443;"2016-04-12 00:00:00";767;277;13;19;0;5;1;1
5553957443;"2016-04-13 00:00:00";647;226;0;0;0;3;0;0
5553957443;"2016-04-14 00:00:00";693;256;41;61;0;5;2;4
5553957443;"2016-04-15 00:00:00";689;239;38;58;0;5;2;4
5553957443;"2016-04-16 00:00:00";521;288;0;0;0;4;0;0
5553957443;"2016-04-17 00:00:00";943;46;0;0;0;0;0;0
5553957443;"2016-04-18 00:00:00";622;206;0;0;0;2;0;0
5553957443;"2016-04-19 00:00:00";756;249;28;69;0;4;2;4
5553957443;"2016-04-20 00:00:00";598;148;0;0;0;2;0;0
5553957443;"2016-04-21 00:00:00";801;177;42;47;0;3;2;3
5553957443;"2016-04-22 00:00:00";781;270;16;25;0;6;1;1
5553957443;"2016-04-23 00:00:00";443;272;0;0;0;3;0;0
5553957443;"2016-04-24 00:00:00";582;104;0;0;0;1;0;0
5553957443;"2016-04-25 00:00:00";732;201;11;51;0;4;1;3
5553957443;"2016-04-26 00:00:00";750;238;18;40;0;4;1;2
5553957443;"2016-04-27 00:00:00";745;206;16;16;0;5;1;1
5553957443;"2016-04-28 00:00:00";727;165;13;49;0;3;1;4
5553957443;"2016-04-29 00:00:00";709;270;15;46;0;5;1;3
5553957443;"2016-04-30 00:00:00";506;84;0;0;0;1;0;0
5553957443;"2016-05-01 00:00:00";436;237;0;0;0;3;0;0
5553957443;"2016-05-02 00:00:00";724;227;9;23;0;5;0;1
5553957443;"2016-05-03 00:00:00";812;247;29;26;0;6;1;2
5553957443;"2016-05-04 00:00:00";651;224;0;0;0;3;0;0
5553957443;"2016-05-05 00:00:00";692;241;29;44;0;4;2;3
5553957443;"2016-05-06 00:00:00";761;229;9;21;0;4;1;2
5553957443;"2016-05-07 00:00:00";902;96;0;0;0;1;0;0
5553957443;"2016-05-08 00:00:00";505;210;8;3;0;3;0;0
5553957443;"2016-05-09 00:00:00";667;251;22;59;0;5;1;2
5553957443;"2016-05-10 00:00:00";707;265;40;61;0;5;2;4
5553957443;"2016-05-11 00:00:00";628;195;0;0;0;3;0;0
5553957443;"2016-05-12 00:00:00";222;48;6;8;0;1;0;1
5577150313;"2016-04-12 00:00:00";728;140;16;86;0;2;0;4
5577150313;"2016-04-13 00:00:00";776;144;11;15;0;3;0;0
5577150313;"2016-04-14 00:00:00";662;176;30;118;0;3;0;3
5577150313;"2016-04-15 00:00:00";695;199;54;115;0;4;2;4
5577150313;"2016-04-16 00:00:00";472;158;56;184;0;3;1;7
5577150313;"2016-04-17 00:00:00";525;159;37;200;0;2;1;6
5577150313;"2016-04-18 00:00:00";623;130;32;114;0;2;1;5
5577150313;"2016-04-19 00:00:00";733;111;23;108;0;2;1;7
5577150313;"2016-04-20 00:00:00";773;113;16;87;0;2;0;4
5577150313;"2016-04-21 00:00:00";670;175;74;110;0;3;2;4
5577150313;"2016-04-22 00:00:00";823;200;30;62;0;3;1;2
5577150313;"2016-04-23 00:00:00";627;223;24;24;0;4;0;1
5577150313;"2016-04-24 00:00:00";425;141;65;210;0;2;2;8
5577150313;"2016-04-25 00:00:00";743;214;38;61;0;3;1;1
5577150313;"2016-04-26 00:00:00";759;181;32;38;0;2;1;1
5577150313;"2016-04-27 00:00:00";773;190;16;63;0;3;0;2
5577150313;"2016-04-28 00:00:00";692;141;51;99;0;3;1;3
5577150313;"2016-04-29 00:00:00";739;165;36;97;0;2;1;3
5577150313;"2016-04-30 00:00:00";621;163;45;207;0;3;1;6
5577150313;"2016-05-01 00:00:00";499;178;72;194;0;3;1;5
5577150313;"2016-05-02 00:00:00";732;235;20;37;0;4;0;1
5577150313;"2016-05-03 00:00:00";580;212;8;97;0;4;0;5
5577150313;"2016-05-04 00:00:00";631;141;9;25;0;2;0;2
5577150313;"2016-05-05 00:00:00";1153;143;21;45;0;3;0;3
5577150313;"2016-05-06 00:00:00";1304;79;16;41;0;1;0;2
5577150313;"2016-05-07 00:00:00";1440;0;0;0;0;0;0;0
5577150313;"2016-05-08 00:00:00";1440;0;0;0;0;0;0;0
5577150313;"2016-05-09 00:00:00";1099;70;11;34;0;1;0;1
5577150313;"2016-05-10 00:00:00";639;194;37;104;0;3;1;3
5577150313;"2016-05-11 00:00:00";257;63;15;45;0;1;0;2
6117666160;"2016-04-12 00:00:00";1440;0;0;0;0;0;0;0
6117666160;"2016-04-13 00:00:00";1440;0;0;0;0;0;0;0
6117666160;"2016-04-14 00:00:00";1440;0;0;0;0;0;0;0
6117666160;"2016-04-15 00:00:00";921;513;6;0;0;10;0;0
6117666160;"2016-04-16 00:00:00";502;518;15;7;0;9;1;1
6117666160;"2016-04-17 00:00:00";702;312;0;0;0;5;0;0
6117666160;"2016-04-18 00:00:00";759;241;0;0;0;4;0;0
6117666160;"2016-04-19 00:00:00";425;480;0;0;0;8;0;0
6117666160;"2016-04-20 00:00:00";587;349;10;26;0;6;0;2
6117666160;"2016-04-21 00:00:00";579;294;19;11;0;6;0;1
6117666160;"2016-04-22 00:00:00";413;402;0;0;0;6;0;0
6117666160;"2016-04-23 00:00:00";468;512;0;0;0;9;0;0
6117666160;"2016-04-24 00:00:00";711;362;0;0;0;6;0;0
6117666160;"2016-04-25 00:00:00";1440;0;0;0;0;0;0;0
6117666160;"2016-04-26 00:00:00";1077;352;7;0;0;7;0;0
6117666160;"2016-04-27 00:00:00";417;458;0;0;0;7;0;0
6117666160;"2016-04-28 00:00:00";758;141;0;0;0;3;0;0
6117666160;"2016-04-29 00:00:00";479;461;0;0;0;7;0;0
6117666160;"2016-04-30 00:00:00";1040;343;0;0;0;5;0;0
6117666160;"2016-05-01 00:00:00";525;397;0;0;0;7;0;0
6117666160;"2016-05-02 00:00:00";1204;236;0;0;0;4;0;0
6117666160;"2016-05-03 00:00:00";1440;0;0;0;0;0;0;0
6117666160;"2016-05-04 00:00:00";1279;156;0;0;0;2;0;0
6117666160;"2016-05-05 00:00:00";479;487;0;0;0;7;0;0
6117666160;"2016-05-06 00:00:00";673;133;0;0;0;3;0;0
6117666160;"2016-05-07 00:00:00";456;412;0;0;0;6;0;0
6117666160;"2016-05-08 00:00:00";517;318;0;0;0;6;0;0
6117666160;"2016-05-09 00:00:00";125;197;0;0;0;3;0;0
6290855005;"2016-04-12 00:00:00";1241;199;0;0;0;3;0;0
6290855005;"2016-04-13 00:00:00";1090;350;0;0;0;5;0;0
6290855005;"2016-04-14 00:00:00";1077;363;0;0;0;6;0;0
6290855005;"2016-04-15 00:00:00";1112;328;0;0;0;7;0;0
6290855005;"2016-04-16 00:00:00";1182;258;0;0;0;6;0;0
6290855005;"2016-04-17 00:00:00";1172;225;12;31;0;4;1;1
6290855005;"2016-04-18 00:00:00";1169;271;0;0;0;5;0;0
6290855005;"2016-04-19 00:00:00";1119;321;0;0;0;5;0;0
6290855005;"2016-04-20 00:00:00";1182;258;0;0;0;5;0;0
6290855005;"2016-04-21 00:00:00";1440;0;0;0;0;0;0;0
6290855005;"2016-04-22 00:00:00";1138;302;0;0;0;5;0;0
6290855005;"2016-04-23 00:00:00";1407;0;0;33;0;0;0;0
6290855005;"2016-04-24 00:00:00";1182;258;0;0;0;4;0;0
6290855005;"2016-04-25 00:00:00";1180;249;3;8;0;5;0;1
6290855005;"2016-04-26 00:00:00";1440;0;0;0;0;0;0;0
6290855005;"2016-04-27 00:00:00";1153;287;0;0;0;4;0;0
6290855005;"2016-04-28 00:00:00";1185;255;0;0;0;4;0;0
6290855005;"2016-04-29 00:00:00";1440;0;0;0;0;0;0;0
6290855005;"2016-04-30 00:00:00";1116;324;0;0;0;5;0;0
6290855005;"2016-05-01 00:00:00";1055;282;95;8;0;4;3;1
6290855005;"2016-05-02 00:00:00";1172;268;0;0;0;5;0;0
6290855005;"2016-05-03 00:00:00";1200;240;0;0;0;5;0;0
6290855005;"2016-05-04 00:00:00";1168;272;0;0;0;4;0;0
6290855005;"2016-05-05 00:00:00";1201;239;0;0;0;5;0;0
6290855005;"2016-05-06 00:00:00";1135;305;0;0;0;5;0;0
6290855005;"2016-05-07 00:00:00";1213;227;0;0;0;4;0;0
6290855005;"2016-05-08 00:00:00";1189;251;0;0;0;6;0;0
6290855005;"2016-05-09 00:00:00";800;264;0;0;0;5;0;0
6290855005;"2016-05-10 00:00:00";1440;0;0;0;0;0;0;0
6775888955;"2016-04-12 00:00:00";1440;0;0;0;0;0;0;0
6775888955;"2016-04-13 00:00:00";1053;85;18;17;0;1;1;1
6775888955;"2016-04-14 00:00:00";863;105;24;14;0;2;1;1
6775888955;"2016-04-15 00:00:00";976;58;0;0;0;1;0;0
6775888955;"2016-04-16 00:00:00";1377;9;18;36;0;0;1;3
6775888955;"2016-04-17 00:00:00";1392;19;24;5;0;0;1;0
6775888955;"2016-04-18 00:00:00";1233;146;31;30;0;3;1;2
6775888955;"2016-04-19 00:00:00";1440;0;0;0;0;0;0;0
6775888955;"2016-04-20 00:00:00";1079;178;113;70;0;2;2;4
6775888955;"2016-04-21 00:00:00";1440;0;0;0;0;0;0;0
6775888955;"2016-04-22 00:00:00";1420;20;0;0;0;0;0;0
6775888955;"2016-04-23 00:00:00";1440;0;0;0;0;0;0;0
6775888955;"2016-04-24 00:00:00";1400;11;18;11;0;0;1;1
6775888955;"2016-04-25 00:00:00";1302;92;13;33;0;2;0;2
6775888955;"2016-04-26 00:00:00";1321;47;30;42;0;1;1;3
6775888955;"2016-04-27 00:00:00";1440;0;0;0;0;0;0;0
6775888955;"2016-04-28 00:00:00";1410;15;13;2;0;0;0;0
6775888955;"2016-04-29 00:00:00";1440;0;0;0;0;0;0;0
6775888955;"2016-04-30 00:00:00";1344;84;9;3;0;1;0;0
6775888955;"2016-05-01 00:00:00";1347;50;34;9;0;1;1;0
6775888955;"2016-05-02 00:00:00";1440;0;0;0;0;0;0;0
6775888955;"2016-05-03 00:00:00";1439;1;0;0;0;0;0;0
6775888955;"2016-05-04 00:00:00";1440;0;0;0;0;0;0;0
6775888955;"2016-05-05 00:00:00";1440;0;0;0;0;0;0;0
6775888955;"2016-05-06 00:00:00";1318;75;35;12;0;2;1;0
6775888955;"2016-05-07 00:00:00";551;49;5;2;0;1;0;0
6962181067;"2016-04-12 00:00:00";796;189;14;50;0;3;1;3
6962181067;"2016-04-13 00:00:00";548;142;24;8;0;2;1;1
6962181067;"2016-04-14 00:00:00";862;86;0;0;0;1;0;0
6962181067;"2016-04-15 00:00:00";837;217;0;0;0;4;0;0
6962181067;"2016-04-16 00:00:00";741;280;3;50;0;5;0;4
6962181067;"2016-04-17 00:00:00";634;295;13;5;0;6;1;0
6962181067;"2016-04-18 00:00:00";689;238;42;13;0;4;2;1
6962181067;"2016-04-19 00:00:00";659;195;41;35;0;3;2;2
6962181067;"2016-04-20 00:00:00";639;297;4;48;0;5;0;4
6962181067;"2016-04-21 00:00:00";708;214;27;53;0;4;2;4
6962181067;"2016-04-22 00:00:00";659;240;33;30;0;4;2;2
6962181067;"2016-04-23 00:00:00";484;347;41;58;0;7;2;4
6962181067;"2016-04-24 00:00:00";720;199;0;0;0;3;0;0
6962181067;"2016-04-25 00:00:00";637;282;31;35;0;4;2;3
6962181067;"2016-04-26 00:00:00";680;254;7;36;0;4;0;3
6962181067;"2016-04-27 00:00:00";697;279;38;7;0;4;2;1
6962181067;"2016-04-28 00:00:00";621;288;8;38;0;6;0;3
6962181067;"2016-04-29 00:00:00";645;369;15;12;0;6;0;1
6962181067;"2016-04-30 00:00:00";731;237;16;32;0;4;1;2
6962181067;"2016-05-01 00:00:00";722;215;0;0;0;4;0;0
6962181067;"2016-05-02 00:00:00";655;313;39;18;0;5;2;1
6962181067;"2016-05-03 00:00:00";654;267;36;21;0;4;2;2
6962181067;"2016-05-04 00:00:00";683;284;36;15;0;5;2;0
6962181067;"2016-05-05 00:00:00";591;305;22;14;0;5;1;1
6962181067;"2016-05-06 00:00:00";717;299;0;0;0;4;0;0
6962181067;"2016-05-07 00:00:00";745;328;0;0;0;5;0;0
6962181067;"2016-05-08 00:00:00";709;151;14;0;0;2;1;0
6962181067;"2016-05-09 00:00:00";607;231;21;43;0;4;1;4
6962181067;"2016-05-10 00:00:00";626;275;34;62;0;5;2;3
6962181067;"2016-05-11 00:00:00";709;199;7;24;0;3;0;1
6962181067;"2016-05-12 00:00:00";127;105;8;0;0;2;0;0
7007744171;"2016-04-12 00:00:00";1024;355;8;53;0;5;0;5
7007744171;"2016-04-13 00:00:00";1101;261;22;56;0;4;1;5
7007744171;"2016-04-14 00:00:00";1096;304;6;34;0;5;0;3
7007744171;"2016-04-15 00:00:00";1238;202;0;0;0;4;0;0
7007744171;"2016-04-16 00:00:00";1155;203;0;0;0;3;0;0
7007744171;"2016-04-17 00:00:00";1135;305;0;0;0;5;0;0
7007744171;"2016-04-18 00:00:00";1077;284;31;48;0;5;2;4
7007744171;"2016-04-19 00:00:00";1066;304;17;53;0;5;1;4
7007744171;"2016-04-20 00:00:00";1000;347;33;60;0;6;1;5
7007744171;"2016-04-21 00:00:00";1049;327;34;30;0;5;2;2
7007744171;"2016-04-22 00:00:00";1065;261;50;64;0;4;2;4
7007744171;"2016-04-23 00:00:00";1190;223;25;2;0;4;1;0
7007744171;"2016-04-24 00:00:00";1021;419;0;0;0;7;0;0
7007744171;"2016-04-25 00:00:00";986;379;24;51;0;8;1;4
7007744171;"2016-04-26 00:00:00";978;424;22;16;0;8;1;1
7007744171;"2016-04-27 00:00:00";1041;337;12;50;0;5;1;4
7007744171;"2016-04-28 00:00:00";1007;401;16;16;0;8;1;1
7007744171;"2016-04-29 00:00:00";961;382;42;55;0;8;2;4
7007744171;"2016-04-30 00:00:00";1240;200;0;0;0;3;0;0
7007744171;"2016-05-01 00:00:00";1142;237;0;0;0;4;0;0
7007744171;"2016-05-02 00:00:00";1112;250;14;64;0;4;1;5
7007744171;"2016-05-03 00:00:00";1021;330;31;58;0;5;1;4
7007744171;"2016-05-04 00:00:00";1440;0;0;0;0;0;0;0
7007744171;"2016-05-05 00:00:00";1047;317;23;53;0;5;1;4
7007744171;"2016-05-06 00:00:00";1136;247;13;44;0;4;1;3
7007744171;"2016-05-07 00:00:00";111;0;0;0;0;0;0;0
7086361926;"2016-04-12 00:00:00";745;153;6;59;0;3;0;5
7086361926;"2016-04-13 00:00:00";744;155;26;31;0;3;0;1
7086361926;"2016-04-14 00:00:00";787;189;32;35;0;4;0;2
7086361926;"2016-04-15 00:00:00";864;139;21;30;0;3;1;2
7086361926;"2016-04-16 00:00:00";1437;3;0;0;0;0;0;0
7086361926;"2016-04-17 00:00:00";1440;0;0;0;0;0;0;0
7086361926;"2016-04-18 00:00:00";1136;114;51;61;0;2;1;3
7086361926;"2016-04-19 00:00:00";671;124;69;67;0;3;1;4
7086361926;"2016-04-20 00:00:00";797;145;13;87;0;3;0;8
7086361926;"2016-04-21 00:00:00";758;206;6;19;0;5;0;1
7086361926;"2016-04-22 00:00:00";762;153;59;58;0;3;1;3
7086361926;"2016-04-23 00:00:00";1350;90;0;0;0;2;0;0
7086361926;"2016-04-24 00:00:00";566;125;0;0;0;2;0;0
7086361926;"2016-04-25 00:00:00";706;129;39;69;0;2;1;4
7086361926;"2016-04-26 00:00:00";726;132;33;70;0;2;1;4
7086361926;"2016-04-27 00:00:00";829;145;6;55;0;3;0;6
7086361926;"2016-04-28 00:00:00";810;161;48;54;0;3;2;3
7086361926;"2016-04-29 00:00:00";1198;182;36;24;0;4;0;0
7086361926;"2016-04-30 00:00:00";584;308;17;42;0;5;1;3
7086361926;"2016-05-01 00:00:00";685;258;15;30;0;5;1;2
7086361926;"2016-05-02 00:00:00";737;139;26;66;0;3;1;3
7086361926;"2016-05-03 00:00:00";761;152;36;57;0;3;1;3
7086361926;"2016-05-04 00:00:00";843;135;12;45;0;3;0;5
7086361926;"2016-05-05 00:00:00";1253;149;14;24;0;3;1;2
7086361926;"2016-05-06 00:00:00";834;154;35;84;0;3;1;4
7086361926;"2016-05-07 00:00:00";621;209;42;20;0;5;2;1
7086361926;"2016-05-08 00:00:00";695;147;27;32;0;3;2;2
7086361926;"2016-05-09 00:00:00";743;171;50;67;0;3;2;4
7086361926;"2016-05-10 00:00:00";1182;106;23;72;0;2;1;7
7086361926;"2016-05-11 00:00:00";757;128;40;57;0;2;1;3
7086361926;"2016-05-12 00:00:00";343;58;4;5;0;2;0;0
8053475328;"2016-04-12 00:00:00";1193;123;8;116;0;2;0;12
8053475328;"2016-04-13 00:00:00";1177;156;12;95;0;2;0;10
8053475328;"2016-04-14 00:00:00";1123;193;5;119;0;3;0;12
8053475328;"2016-04-15 00:00:00";1142;158;8;132;0;3;0;13
8053475328;"2016-04-16 00:00:00";1255;83;6;96;0;1;0;9
8053475328;"2016-04-17 00:00:00";1113;195;21;111;0;4;1;9
8053475328;"2016-04-18 00:00:00";1137;195;6;102;0;3;0;9
8053475328;"2016-04-19 00:00:00";1152;191;7;90;0;3;0;9
8053475328;"2016-04-20 00:00:00";695;158;5;89;0;2;0;10
8053475328;"2016-04-21 00:00:00";1164;170;6;100;0;3;0;10
8053475328;"2016-04-22 00:00:00";1260;117;3;60;0;2;0;6
8053475328;"2016-04-23 00:00:00";741;223;14;125;0;4;1;13
8053475328;"2016-04-24 00:00:00";1096;182;33;129;0;3;2;13
8053475328;"2016-04-25 00:00:00";1104;209;9;118;0;4;0;11
8053475328;"2016-04-26 00:00:00";1182;185;5;68;0;3;0;6
8053475328;"2016-04-27 00:00:00";1187;183;10;60;0;3;0;6
8053475328;"2016-04-28 00:00:00";1188;153;9;90;0;2;0;10
8053475328;"2016-04-29 00:00:00";1215;159;8;58;0;3;0;6
8053475328;"2016-04-30 00:00:00";1281;131;1;27;0;3;0;3
8053475328;"2016-05-01 00:00:00";1389;51;0;0;0;1;0;0
8053475328;"2016-05-02 00:00:00";1345;95;0;0;0;1;0;0
8053475328;"2016-05-03 00:00:00";1166;165;22;87;0;3;1;8
8053475328;"2016-05-04 00:00:00";1220;123;8;89;0;2;0;9
8053475328;"2016-05-05 00:00:00";1208;130;9;93;0;2;0;9
8053475328;"2016-05-06 00:00:00";1245;90;15;90;0;1;1;9
8053475328;"2016-05-07 00:00:00";1076;148;20;121;0;2;1;12
8053475328;"2016-05-08 00:00:00";1073;228;14;125;0;4;1;13
8053475328;"2016-05-09 00:00:00";1214;148;12;66;0;3;1;6
8053475328;"2016-05-10 00:00:00";1219;115;10;96;0;2;0;9
8053475328;"2016-05-11 00:00:00";1189;184;7;60;0;3;0;6
8053475328;"2016-05-12 00:00:00";839;39;4;28;0;1;0;3
8253242879;"2016-04-12 00:00:00";1244;154;2;40;0;2;0;5
8253242879;"2016-04-13 00:00:00";1298;96;11;35;0;1;1;4
8253242879;"2016-04-14 00:00:00";1362;33;16;29;0;1;1;2
8253242879;"2016-04-15 00:00:00";1335;105;0;0;0;2;0;0
8253242879;"2016-04-16 00:00:00";1268;115;51;6;0;2;3;0
8253242879;"2016-04-17 00:00:00";1237;157;5;41;0;2;0;5
8253242879;"2016-04-18 00:00:00";1278;130;16;16;0;2;1;1
8253242879;"2016-04-19 00:00:00";1276;164;0;0;0;3;0;0
8253242879;"2016-04-20 00:00:00";1201;216;18;5;0;3;1;0
8253242879;"2016-04-21 00:00:00";1199;172;20;49;0;2;1;6
8253242879;"2016-04-22 00:00:00";1320;120;0;0;0;2;0;0
8253242879;"2016-04-23 00:00:00";1193;191;26;30;0;3;1;2
8253242879;"2016-04-24 00:00:00";1313;82;4;41;0;1;0;6
8253242879;"2016-04-25 00:00:00";1261;118;54;7;0;2;2;0
8253242879;"2016-04-26 00:00:00";1299;108;14;19;0;1;0;1
8253242879;"2016-04-27 00:00:00";1286;104;5;45;0;2;0;6
8253242879;"2016-04-28 00:00:00";1393;20;16;11;0;0;1;1
8253242879;"2016-04-29 00:00:00";1257;136;14;16;0;2;1;1
8253242879;"2016-04-30 00:00:00";1440;0;0;0;0;0;0;0
8378563200;"2016-04-12 00:00:00";723;156;15;65;0;5;1;1
8378563200;"2016-04-13 00:00:00";680;169;14;116;0;4;1;5
8378563200;"2016-04-14 00:00:00";699;174;21;123;0;4;1;6
8378563200;"2016-04-15 00:00:00";729;190;23;60;0;5;1;5
8378563200;"2016-04-16 00:00:00";563;142;21;64;0;2;1;5
8378563200;"2016-04-17 00:00:00";599;93;0;0;0;2;0;0
8378563200;"2016-04-18 00:00:00";720;174;10;117;0;5;1;5
8378563200;"2016-04-19 00:00:00";737;154;19;120;0;4;1;5
8378563200;"2016-04-20 00:00:00";763;169;8;82;0;5;0;2
8378563200;"2016-04-21 00:00:00";677;145;16;137;0;4;1;7
8378563200;"2016-04-22 00:00:00";769;159;12;113;0;4;1;5
8378563200;"2016-04-23 00:00:00";740;136;10;19;0;2;1;2
8378563200;"2016-04-24 00:00:00";734;135;0;0;0;3;0;0
8378563200;"2016-04-25 00:00:00";692;141;16;117;0;4;1;5
8378563200;"2016-04-26 00:00:00";593;161;18;90;0;4;1;8
8378563200;"2016-04-27 00:00:00";676;192;4;4;0;5;0;0
8378563200;"2016-04-28 00:00:00";711;139;10;11;0;3;0;1
8378563200;"2016-04-29 00:00:00";767;172;7;3;0;4;0;0
8378563200;"2016-04-30 00:00:00";780;121;0;0;0;2;0;0
8378563200;"2016-05-01 00:00:00";669;127;10;71;0;2;1;6
8378563200;"2016-05-02 00:00:00";802;142;4;63;0;4;0;1
8378563200;"2016-05-03 00:00:00";822;195;20;71;0;5;1;1
8378563200;"2016-05-04 00:00:00";680;167;10;19;0;4;0;2
8378563200;"2016-05-05 00:00:00";764;214;3;66;0;6;0;1
8378563200;"2016-05-06 00:00:00";831;166;5;74;0;4;0;2
8378563200;"2016-05-07 00:00:00";851;158;0;0;0;4;0;0
8378563200;"2016-05-08 00:00:00";621;139;0;0;0;2;0;0
8378563200;"2016-05-09 00:00:00";772;171;13;71;0;5;1;1
8378563200;"2016-05-10 00:00:00";840;152;13;63;0;4;1;1
8378563200;"2016-05-11 00:00:00";763;184;10;72;0;5;1;1
8378563200;"2016-05-12 00:00:00";433;102;6;8;0;3;0;1
8583815059;"2016-04-12 00:00:00";1237;196;7;0;0;4;0;0
8583815059;"2016-04-13 00:00:00";1252;163;23;2;0;3;1;0
8583815059;"2016-04-14 00:00:00";1306;134;0;0;0;2;0;0
8583815059;"2016-04-15 00:00:00";1375;65;0;0;0;1;0;0
8583815059;"2016-04-16 00:00:00";1440;0;0;0;0;0;0;0
8583815059;"2016-04-17 00:00:00";1440;0;0;0;0;0;0;0
8583815059;"2016-04-18 00:00:00";1309;105;22;4;0;1;1;0
8583815059;"2016-04-19 00:00:00";1257;166;10;7;0;3;0;1
8583815059;"2016-04-20 00:00:00";1246;167;27;0;0;3;1;0
8583815059;"2016-04-21 00:00:00";1229;158;18;35;0;3;1;3
8583815059;"2016-04-22 00:00:00";1170;212;54;4;0;4;2;0
8583815059;"2016-04-23 00:00:00";1151;238;44;7;0;5;2;1
8583815059;"2016-04-24 00:00:00";1188;206;44;2;0;4;2;0
8583815059;"2016-04-25 00:00:00";1294;122;6;18;0;2;0;1
8583815059;"2016-04-26 00:00:00";1134;214;91;1;0;4;4;0
8583815059;"2016-04-27 00:00:00";1229;129;5;77;0;3;0;7
8583815059;"2016-04-28 00:00:00";1209;203;28;0;0;4;1;0
8583815059;"2016-04-29 00:00:00";1069;258;67;46;0;5;3;4
8583815059;"2016-04-30 00:00:00";1093;317;28;2;0;6;1;0
8583815059;"2016-05-01 00:00:00";1311;117;2;10;0;2;0;1
8583815059;"2016-05-02 00:00:00";1440;0;0;0;0;0;0;0
8583815059;"2016-05-03 00:00:00";1440;0;0;0;0;0;0;0
8583815059;"2016-05-04 00:00:00";1440;0;0;0;0;0;0;0
8583815059;"2016-05-05 00:00:00";1370;70;0;0;0;1;0;0
8583815059;"2016-05-06 00:00:00";1250;166;22;2;0;3;1;0
8583815059;"2016-05-07 00:00:00";1190;250;0;0;0;5;0;0
8583815059;"2016-05-08 00:00:00";1183;182;72;3;0;4;3;0
8583815059;"2016-05-09 00:00:00";1260;110;4;66;0;2;0;6
8583815059;"2016-05-10 00:00:00";1226;162;43;9;0;4;2;1
8583815059;"2016-05-11 00:00:00";1106;177;71;5;0;3;3;0
8583815059;"2016-05-12 00:00:00";1440;0;0;0;0;0;0;0
8792009665;"2016-04-12 00:00:00";831;116;0;0;0;2;0;0
8792009665;"2016-04-13 00:00:00";806;82;0;0;0;1;0;0
8792009665;"2016-04-14 00:00:00";853;84;0;0;0;1;0;0
8792009665;"2016-04-15 00:00:00";937;126;0;0;0;2;0;0
8792009665;"2016-04-16 00:00:00";1428;12;0;0;0;0;0;0
8792009665;"2016-04-17 00:00:00";1440;0;0;0;0;0;0;0
8792009665;"2016-04-18 00:00:00";1440;0;0;0;0;0;0;0
8792009665;"2016-04-19 00:00:00";1440;0;0;0;0;0;0;0
8792009665;"2016-04-20 00:00:00";744;139;10;0;0;2;0;0
8792009665;"2016-04-21 00:00:00";1431;9;0;0;0;0;0;0
8792009665;"2016-04-22 00:00:00";817;195;20;1;0;2;0;0
8792009665;"2016-04-23 00:00:00";795;232;45;8;0;3;0;0
8792009665;"2016-04-24 00:00:00";1410;19;8;3;0;0;0;0
8792009665;"2016-04-25 00:00:00";1440;0;0;0;0;0;0;0
8792009665;"2016-04-26 00:00:00";1360;80;0;0;0;1;0;0
8792009665;"2016-04-27 00:00:00";900;112;0;0;0;1;0;0
8792009665;"2016-04-28 00:00:00";714;310;0;0;0;4;0;0
8792009665;"2016-04-29 00:00:00";634;380;14;6;0;5;0;0
8792009665;"2016-04-30 00:00:00";749;301;20;10;0;4;0;0
8792009665;"2016-05-01 00:00:00";834;79;0;0;0;1;0;0
8792009665;"2016-05-02 00:00:00";916;101;0;0;0;1;0;0
8792009665;"2016-05-03 00:00:00";739;156;0;0;0;2;0;0
8792009665;"2016-05-04 00:00:00";848;129;0;0;0;1;0;0
8792009665;"2016-05-05 00:00:00";1440;0;0;0;0;0;0;0
8792009665;"2016-05-06 00:00:00";1440;0;0;0;0;0;0;0
8792009665;"2016-05-07 00:00:00";1440;0;0;0;0;0;0;0
8792009665;"2016-05-08 00:00:00";1440;0;0;0;0;0;0;0
8792009665;"2016-05-09 00:00:00";1440;0;0;0;0;0;0;0
8792009665;"2016-05-10 00:00:00";48;0;0;0;0;0;0;0
8877689391;"2016-04-12 00:00:00";1036;312;7;85;0;8;0;12
8877689391;"2016-04-13 00:00:00";1098;216;18;108;0;6;0;4
8877689391;"2016-04-14 00:00:00";1061;298;13;68;0;8;1;11
8877689391;"2016-04-15 00:00:00";1052;281;1;106;0;7;0;0
8877689391;"2016-04-16 00:00:00";888;429;29;94;0;11;1;13
8877689391;"2016-04-17 00:00:00";1060;307;15;58;0;9;0;0
8877689391;"2016-04-18 00:00:00";1215;191;5;29;0;6;0;2
8877689391;"2016-04-19 00:00:00";1131;214;13;82;0;5;0;12
8877689391;"2016-04-20 00:00:00";1123;225;19;73;0;6;1;11
8877689391;"2016-04-21 00:00:00";1119;226;13;82;0;5;0;12
8877689391;"2016-04-22 00:00:00";1141;236;2;61;0;6;0;10
8877689391;"2016-04-23 00:00:00";1032;300;6;102;0;7;0;0
8877689391;"2016-04-24 00:00:00";1148;227;1;64;0;5;0;11
8877689391;"2016-04-25 00:00:00";1101;218;8;113;0;6;0;2
8877689391;"2016-04-26 00:00:00";1157;258;3;22;0;7;0;2
8877689391;"2016-04-27 00:00:00";1104;235;8;93;0;7;0;13
8877689391;"2016-04-28 00:00:00";1143;231;8;58;0;6;0;5
8877689391;"2016-04-29 00:00:00";1207;210;5;18;0;6;0;1
8877689391;"2016-04-30 00:00:00";1089;223;4;124;0;5;0;22
8877689391;"2016-05-01 00:00:00";1226;166;12;36;0;5;1;3
8877689391;"2016-05-02 00:00:00";1335;105;0;0;0;4;0;0
8877689391;"2016-05-03 00:00:00";1189;229;3;19;0;7;0;1
8877689391;"2016-05-04 00:00:00";1154;212;8;66;0;6;0;10
8877689391;"2016-05-05 00:00:00";1170;188;15;67;0;4;1;5
8877689391;"2016-05-06 00:00:00";1095;232;17;96;0;6;0;13
8877689391;"2016-05-07 00:00:00";1036;271;28;105;0;7;1;0
8877689391;"2016-05-08 00:00:00";1174;245;4;17;0;7;0;1
8877689391;"2016-05-09 00:00:00";1131;217;19;73;0;6;1;11
8877689391;"2016-05-10 00:00:00";1187;224;11;18;0;6;0;1
8877689391;"2016-05-11 00:00:00";1127;213;12;88;0;6;0;13
8877689391;"2016-05-12 00:00:00";770;137;1;23;0;4;0;2
